"Stock","Client Name","Client Category","Action*","Reported To/By Exchange","Quantity","Post Transaction Holding","Traded %","Avg. Price","Value","Period","Regulation (Insider/SAST)","Security Type","Mode"
"Liberty Shoes","Anupam Bansal","Promoter","Acquisition","2026-08-20","4548","665605","0.03","244","1,109,712","19 Aug 2026  19 Aug 2026","Insider Trading","Equity","Market Purchase"
"Titagarh Rail Systems","Jayesh Arya","Immediate Relative","Acquisition","2026-08-20","20000","20028","0.01","821.0","16,419,000","19 Aug 2026  19 Aug 2026","Insider Trading","Equity","Gift"
"Disha Resources","Maya Texturisers Pvt. Ltd.","Promoter Group","Disposal","2026-08-20","100000","200000","1.37","32.3","3,227,000","19 Aug 2026  19 Aug 2026","Insider Trading","Equity","Market Sale"
"Turtlemint Fintech Solutions","Shuvamay Chowdhury","Designated Person","Disposal","2026-08-20","25000","0
                
                
                    (0%)","0.01","122.4","3,060,381","17 Aug 2026  17 Aug 2026","Insider Trading","Equity","Market Sale"
"Turtlemint Fintech Solutions","Snehil Modani","Designated Person","Disposal","2026-08-20","7100","83613","0.00","143.1","1,016,267","19 Aug 2026  20 Aug 2026","Insider Trading","Equity","Market Sale"
"Turtlemint Fintech Solutions","Snehil Modani","Designated Person","Disposal","2026-08-20","10012","90713","0.00","138.4","1,385,844","17 Aug 2026  18 Aug 2026","Insider Trading","Equity","Market Sale"
"Turtlemint Fintech Solutions","Rahul Brahmne","Designated Person","Disposal","2026-08-20","14128","50000","0.00","151.1","2,135,447","17 Aug 2026  17 Aug 2026","Insider Trading","Equity","Market Sale"
"Astral","Mr. Sujal Shroff","Immediate Relative","Disposal","2026-08-20","11500","157150","0.00","1540.0","17,710,288","17 Aug 2026  17 Aug 2026","Insider Trading","Equity","Market Sale"
"Gravita","Gravita Employee Welfare Trust","Trust","Disposal","2026-08-20","2215","969637","0.00","1824.2","4,040,635","18 Aug 2026  18 Aug 2026","Insider Trading","Equity","Market Sale"
"Turtlemint Fintech Solutions","Chetan Arjun Ranpise","Designated Person","Disposal","2026-08-20","50000","62625","0.02","131.5","6,574,283","17 Aug 2026  17 Aug 2026","Insider Trading","Equity","Market Sale"
"Turtlemint Fintech Solutions","Ankita Sejpal","Designated Person","Disposal","2026-08-20","20000","0
                
                
                    (0%)","0.01","135.7","2,714,988","17 Aug 2026  17 Aug 2026","Insider Trading","Equity","Market Sale"
"Turtlemint Fintech Solutions","Sunny Bhatia","Designated Person","Disposal","2026-08-20","80000","64789","0.03","125.4","10,033,777","17 Aug 2026  17 Aug 2026","Insider Trading","Equity","Market Sale"
"Turtlemint Fintech Solutions","Anjani Kumar","Designated Person","Disposal","2026-08-20","35000","59689","0.01","128.8","4,508,000","17 Aug 2026  17 Aug 2026","Insider Trading","Equity","Market Sale"
"Liberty Shoes","Anupam Bansal","Promoter","Acquisition","2026-08-20","50100","645705","0.29","244.1","12,230,412","17 Aug 2026  17 Aug 2026","Insider Trading","Equity","Market Purchase"
"T T","T. T. BRANDS LIMITED","Promoter Group","Acquisition","2026-08-20","67775","89233682","0.03","6.5","437,467","19 Aug 2026  20 Aug 2026","Insider Trading","Equity","Market Purchase"
"Indostar Capital","Nagarajan","Designated Person","Disposal","2026-08-20","2960","1655","0.00","249.8","739,516","18 Aug 2026  18 Aug 2026","Insider Trading","Equity","Market Sale"
"Monotype","Sandeep Ispat LLP","Promoter Group","Disposal","2026-08-20","2056201","17593498","0.29","0.3","662,303","19 Aug 2026  19 Aug 2026","Insider Trading","Equity","Market Sale"
"Rajesh Power Services","Utsav Nehal Panchal","Promoter and Director","Acquisition","2026-08-20","2000","1509800","0.01","811.2","1,622,443","19 Aug 2026  19 Aug 2026","Insider Trading","Equity","Market Purchase"
"Turtlemint Fintech Solutions","Prajay Bhisikar","Designated Person","Disposal","2026-08-20","20500","70622","0.01","137.6","2,820,700","17 Aug 2026  17 Aug 2026","Insider Trading","Equity","Market Sale"
"Turtlemint Fintech Solutions","Brijesh Merchant","Designated Person","Disposal","2026-08-20","55000","35000","0.02","146.7","8,068,750","17 Aug 2026  18 Aug 2026","Insider Trading","Equity","Market Sale"
"Turtlemint Fintech Solutions","Vijay Sanap","Designated Person","Disposal","2026-08-20","9000","6000","0.00","141.6","1,274,500","17 Aug 2026  17 Aug 2026","Insider Trading","Equity","Market Sale"
"Rajesh Power Services","ANJANABEN PRAFULBHAI PATEL","Promoter Group","Acquisition","2026-08-20","2000","77465","0.01","812.1","1,624,222","19 Aug 2026  19 Aug 2026","Insider Trading","Equity","Market Purchase"
"Titagarh Rail Systems","Dinesh Arya","Designated Person","Disposal","2026-08-20","20000","20000","0.01","821.0","16,419,000","19 Aug 2026  19 Aug 2026","Insider Trading","Equity","Gift"
"Liberty Shoes","Anupam Bansal","Promoter","Acquisition","2026-08-20","15004","660942","0.09","244.8","3,672,797","18 Aug 2026  18 Aug 2026","Insider Trading","Equity","Market Purchase"
"Astral","Mr. Aditya Shroff","Immediate Relative","Disposal","2026-08-20","4500","46800","0.00","1541.0","6,934,656","17 Aug 2026  17 Aug 2026","Insider Trading","Equity","Market Sale"
"Senco Gold","Jai Hanuman Shri Siddhivinayak Trust (Trustee- Mr. Suvankar Sen & Mrs. Joita Sen)","Promoter","Acquisition","2026-08-20","3250","67985756","0.00","336.9","1,094,828","18 Aug 2026  18 Aug 2026","Insider Trading","Equity","Market Purchase"
"U Y Fincorp","Dipti Deepak Kothari","Promoter Group","Acquisition","2026-08-20","50000","3775125","0.03","20.7","1,036,722","19 Aug 2026  19 Aug 2026","Insider Trading","Equity","Market Purchase"
"DMR Engineering","DIVAY MITTAL","Promoter","Acquisition","2026-08-20","15600","449865","0.15","27.1","422,273","17 Aug 2026  17 Aug 2026","Insider Trading","Equity","Market Purchase"
"Coffee Day Enterprises","Malavika Hegde","Promoter Group","Revoke","2026-08-20","18745","1556147","0.01","29.6","555,602","18 Aug 2026  18 Aug 2026","Insider Trading","Equity","None"
"U Y Fincorp","Dipti Deepak Kothari","Promoter Group","Acquisition","2026-08-20","36123","3725125","0.02","21.3","768,438","17 Aug 2026  17 Aug 2026","Insider Trading","Equity","Market Purchase"
"Coffee Day Enterprises","Coffee Day Consolidations Private Limited","Promoter Group","Revoke","2026-08-20","47293","5502116","0.02","29.6","1,401,765","18 Aug 2026  18 Aug 2026","Insider Trading","Equity","None"
"W S Industries","S. Anandavadivel","Promoter and Director","Acquisition","2026-08-20","10027","4649324","0.01","60.6","607,986","17 Aug 2026  18 Aug 2026","Insider Trading","Equity","Market Purchase"
"W S Industries","Mamatha P","Promoter Group","Acquisition","2026-08-20","20000","1011298","0.03","60.8","1,215,589","18 Aug 2026  19 Aug 2026","Insider Trading","Equity","Market Purchase"
"U Y Fincorp","Dipti Deepak Kothari","Promoter Group","Acquisition","2026-08-20","150000","3925125","0.08","21.0","3,155,173","19 Aug 2026  19 Aug 2026","Insider Trading","Equity","Market Purchase"
"eClerx Services","Eclerx Employee Welfare","Trust","Acquisition","2026-08-20","12851","2115522","0.01","1846.0","23,722,841","19 Aug 2026  19 Aug 2026","Insider Trading","Equity","Market Purchase"
"Fusion Klassroom Edutech","ALKA NIKHIL JEVERI","Promoter and Director","Acquisition","2026-08-20","800","1909552","0.01","169","135,200","19 Aug 2026  19 Aug 2026","Insider Trading","Equity","Market Purchase"
"Fusion Klassroom Edutech","DHUMIL NIKHIL JAVERI","Promoter and Director","Acquisition","2026-08-20","1600","877000","0.02","166.9","267,080","18 Aug 2026  18 Aug 2026","Insider Trading","Equity","Market Purchase"
"Fusion Klassroom Edutech","DHRUV NIKHIL JAVERI","Promoter and Director","Acquisition","2026-08-20","1600","877000","0.02","167","267,200","18 Aug 2026  18 Aug 2026","Insider Trading","Equity","Market Purchase"
"Siyaram Silk Mills","Harshit S Poddar","Promoter","Disposal","2026-08-20","582900","51","1.28","619.1","360,885,105","17 Aug 2026  17 Aug 2026","Insider Trading","Equity","Block Deal"
"Three M Paper Boards","RUSHABH HITENDRA SHAH","Promoter and Director","Acquisition","2026-08-20","2000","1473000","0.01","24.2","48,400","20 Aug 2026  20 Aug 2026","Insider Trading","Equity","Market Purchase"
"Fusion Klassroom Edutech","ALKA NIKHIL JAVERI","Promoter and Director","Acquisition","2026-08-20","1600","1908752","0.02","169.9","271,880","18 Aug 2026  18 Aug 2026","Insider Trading","Equity","Market Purchase"
"Siyaram Silk Mills","DPP Enterprises LLP","Promoter Group","Acquisition","2026-08-20","582900","1228308","1.28","621.0","361,957,961","17 Aug 2026  17 Aug 2026","Insider Trading","Equity","Block Deal"
"Signet Industries","Mukesh Sangla","Promoter and Director","Acquisition","2026-08-20","32187","1236782","0.11","69.6","2,241,595","19 Aug 2026  19 Aug 2026","Insider Trading","Equity","Market Purchase"
"Wipro","RAMARATHNAM DANDAPANI","Designated Person","Disposal","2026-08-20","12089","0
                
                
                    (0%)","0.00","184.6","2,232,113","18 Aug 2026  18 Aug 2026","Insider Trading","Any other instrument","Market Sale"
"Trident Texofab","HARDIK DESAI FAMILY TRUST","Promoter Group","Acquisition","2026-08-20","39425","1018691","0.26","22.9","903,790","17 Aug 2026  17 Aug 2026","Insider Trading","Equity","Market Purchase"
"Apollo Hospitals","K VISHWESHWAR REDDY","Promoter","Revoke","2026-08-20","115000","1577350","0.08","8750.4","1,006,300,000","19 Aug 2026  19 Aug 2026","Insider Trading","Equity","None"
"Gyan Developers ","T Ashok Raj HUF","Promoter Group","Disposal","2026-08-20","295000","0
                
                
                    (0%)","9.83","52.7","15,546,500","18 Aug 2026  18 Aug 2026","Insider Trading","Equity","Off Market"
"Star Cement","Tanishi Agarwal","Directors Immediate Relative","Acquisition","2026-08-20","8000","987112","0.00","202.2","1,617,854","17 Aug 2026  17 Aug 2026","Insider Trading","Equity","Market Purchase"
"CSL Finance","Rohit Gupta HUF","Promoter","Acquisition","2026-08-20","15480","318341","0.07","0.0","1","18 Aug 2026  18 Aug 2026","Insider Trading","Equity","Market Purchase"
"Safari Industries","ABHISHEK KUMAR","Designated Person","Disposal","2026-08-20","2955","0
                
                
                    (0%)","0.01","1485","4,388,175","17 Aug 2026  17 Aug 2026","Insider Trading","Equity","Market Sale"
"CSL Finance","Rohit Gupta HUF","Promoter","Acquisition","2026-08-20","20000","301462","0.09","0","0","17 Aug 2026  17 Aug 2026","Insider Trading","Equity","Market Purchase"
"Crestchem","DIPAK NARENDRAPRASAD PATEL","Promoter and Director","Acquisition","2026-08-20","500","888539","0.02","125.6","62,800","19 Aug 2026  19 Aug 2026","Insider Trading","Equity","Market Purchase"
"CSL Finance","CSL Capital Private Limited","Promoter","Acquisition","2026-08-20","35200","6820927","0.15","0","0","17 Aug 2026  18 Aug 2026","Insider Trading","Equity","Market Purchase"
"Nirlon","SHITAL TRADING & INTERIORS PVT.LTD.","Promoter Group","Disposal","2026-08-20","5000","20000","0.01","620.6","3,102,750","17 Aug 2026  17 Aug 2026","Insider Trading","Equity","Market Sale"
"Milkfood","J HOUSING PRIVATE LIMITED","Promoter Group","Acquisition","2026-08-20","43702","73702","0.18","82.7","3,614,140","17 Aug 2026  19 Aug 2026","Insider Trading","Equity","Market Purchase"
"Samyak International","VIRENDRA CAPITAL MARKETS PVT. LTD. (Revised)","Promoter Group","Acquisition","2026-08-20","1100000","1100000","13.75","17","18,700,000","17 Aug 2026  17 Aug 2026","Insider Trading","Equity","Preferential Offer"
"KPIT Technologies","KPIT Technologies Limited Employees Welfare Trust","Other","Disposal","2026-08-20","1800","1658550","0.00","618.5","1,113,240","14 Aug 2026  14 Aug 2026","Insider Trading","Equity","ESOP"
"Smiths & Founders","Supriya Shastry","Designated Person","Disposal","2026-08-20","81247","18163368","0.08","13.9","1,127,610","10 Aug 2026  19 Aug 2026","Insider Trading","Equity","Market Sale"
"Mach Travel Solutions","Adit Bhatia","Promoter and Director","Acquisition","2026-08-20","5400","107000","0.03","182.1","983,400","19 Aug 2026  19 Aug 2026","Insider Trading","Equity","Market Purchase"
"Vibhor Steel Tubes","VIJAY KUMAR KAUSHIK","Promoter and Director","Acquisition","2026-08-20","2000","4179400","0.01","107.2","214,322","19 Aug 2026  19 Aug 2026","Insider Trading","Equity","Market Purchase"
"Moongipa Cap Fin","Nirmal Jain","Promoter","Acquisition","2026-08-20","14000","157600","0.15","16","224,000","18 Aug 2026  19 Aug 2026","Insider Trading","Equity","Market Purchase"
"Avonmore Capital","INNOVATIVE MONEY MATTERS PRIVATE LIMITED","Promoter","Acquisition","2026-08-20","60831","94275731","0.02","13.3","809,518","19 Aug 2026  19 Aug 2026","Insider Trading","Equity","Market Purchase"
"Yasho Industries","USHA RAVINDRA BHAT","Directors Immediate Relative","Disposal","2026-08-20","5000","5000","0.04","0","0","19 Aug 2026  19 Aug 2026","Insider Trading","Equity","Market Sale"
"Deccan Gold Mines","KRISHNAMURTHY KARUNAKARAN","KMP","-","2026-08-19","130000","397760","0.07","239.4","31,115,500","17 Aug 2026  17 Aug 2026","Insider Trading","Equity","Pledge Creation"
"Deccan Gold Mines","SATHEESHA G R","Designated Person","Disposal","2026-08-19","2502","47737","0.00","229.7","574,816","17 Aug 2026  17 Aug 2026","Insider Trading","Equity","Market Sale"
"Samyak International","VIRENDRA CAPITAL MARKETS PVT. LTD.","Promoter","Acquisition","2026-08-19","1100000","1100000","13.75","17","18,700,000","17 Aug 2026  17 Aug 2026","Insider Trading","Equity","Preferential Offer"
"Excelsoft Technologies","Mysore Sudhindratheertha Adarsh","Promoter Group","Acquisition","2026-08-19","30000","945000","0.03","74.9","2,246,700","14 Aug 2026  14 Aug 2026","Insider Trading","Equity","Market Purchase"
"Landmark Cars","Harshal Manojkumar Desai","Designated Person","Disposal","2026-08-19","6217","44758","0.01","508.7","3,162,569","19 Aug 2026  19 Aug 2026","Insider Trading","Equity","Market Sale"
"GLEN Industries","Lalit Agrawal(HUF)","Promoter Group","Acquisition","2026-08-19","48000","299000","0.20","117.8","5,656,416","18 Aug 2026  19 Aug 2026","Insider Trading","Equity","Market Purchase"
"Alembic","Nirayu Private Limited","Promoter Group","Acquisition","2026-08-19","115719","162485147","0.05","89.3","10,337,171","18 Aug 2026  19 Aug 2026","Insider Trading","Equity","Market Purchase"
"Sayaji Hotels Indore","CENTURY 21 OFFICESPACE PRIVATE LIMITED","Promoter","Disposal","2026-08-19","17498","898772","0.57","1178.3","20,617,893","18 Aug 2026  18 Aug 2026","Insider Trading","Equity","Market Sale"
"Sayaji Hotels Indore","CENTURY 21 OFFICESPACE PRIVATE LIMITED","Promoter","Disposal","2026-08-19","8163","916270","0.27","1123.5","9,171,131","17 Aug 2026  17 Aug 2026","Insider Trading","Equity","Market Sale"
"Sayaji Hotels Indore","CENTURY 21 OFFICESPACE PRIVATE LIMITED","Promoter","Disposal","2026-08-19","18471","880301","0.61","1237.2","22,852,321","19 Aug 2026  19 Aug 2026","Insider Trading","Equity","Market Sale"
"Siyaram Silk Mills","Gaurav Poddar","Promoter and Director","Acquisition","2026-08-19","349683","2612080","0.77","0","0","14 Aug 2026  14 Aug 2026","Insider Trading","Equity","Gift"
"JSW Steel","JSW Steel Employees Welfare Trust – JSWSL OPJ Samruddhi Plan 2021 A/c","Other","Disposal","2026-08-19","4342","4223004","0.00","1283.0","5,570,829","17 Aug 2026  17 Aug 2026","Insider Trading","Equity","Market Sale"
"Siyaram Silk Mills","Anurag Poddar","Promoter","Acquisition","2026-08-19","349683","2318170","0.77","0","0","14 Aug 2026  14 Aug 2026","Insider Trading","Equity","Gift"
"Rekvina Laboratories","Amit Mukesh Shah","Promoter and Director","Acquisition","2026-08-19","2189543","3017426","36.32","10","21,895,430","12 Aug 2026  13 Aug 2026","Insider Trading","Equity","Allotment"
"JSW Steel","JSW Steel Employees Welfare Trust – OPJ ESOP Plan 2021 A/c","Other","Disposal","2026-08-19","3811","4262450","0.00","1272.3","4,848,750","14 Aug 2026  14 Aug 2026","Insider Trading","Equity","Market Sale"
"Siyaram Silk Mills","Ankit Poddar","Promoter","Acquisition","2026-08-19","349683","2612079","0.77","0","0","14 Aug 2026  14 Aug 2026","Insider Trading","Equity","Gift"
"JSW Steel","JSW Steel Employees Welfare Trust – JSWSL OPJ Samruddhi Plan 2021 A/c","Other","Disposal","2026-08-19","14682","4231869","0.00","1","14,682","14 Aug 2026  14 Aug 2026","Insider Trading","Equity","Off Market"
"SAR Auto Products","SHREYAS RAMESHBHAI VIRANI","Promoter and Director","Disposal","2026-08-19","2790","1296525","0.06","3600.1","10,044,174","18 Aug 2026  18 Aug 2026","Insider Trading","Equity","Market Sale"
"Siyaram Silk Mills","Vibha Shrikishan Poddar","Promoter","Disposal","2026-08-19","2098099","90","4.62","0","0","14 Aug 2026  14 Aug 2026","Insider Trading","Equity","Gift"
"JSW Steel","JSW Steel Employees Welfare Trust – JSWSL OPJ Samruddhi Plan 2021 A/c","Other","Disposal","2026-08-19","2341","4260109","0.00","1272.4","2,978,585","14 Aug 2026  14 Aug 2026","Insider Trading","Equity","Market Sale"
"Rekvina Laboratories","Krima Surbhit Shah","Promoter Immediate Relative","Acquisition","2026-08-19","333843","333843","5.54","10","3,338,430","12 Aug 2026  12 Aug 2026","Insider Trading","Equity","Allotment"
"JSW Steel","JSW Steel Employees Welfare Trust – OPJ ESOP Plan 2021 A/c","Other","Disposal","2026-08-19","13558","4246551","0.00","1","13,558","14 Aug 2026  14 Aug 2026","Insider Trading","Equity","Off Market"
"Godawari Power ","N P Agrawal","Promoter","Acquisition","2026-08-19","19911155","43303145","2.96","0","0","17 Aug 2026  17 Aug 2026","Insider Trading","Equity","Inheritance"
"JSW Steel","JSW Steel Employees Welfare Trust – OPJ ESOP Plan 2021 A/c","Other","Disposal","2026-08-19","4523","4227346","0.00","1283.4","5,804,863","17 Aug 2026  17 Aug 2026","Insider Trading","Equity","Market Sale"
"JSW Steel","JSW Steel Employees Welfare Trust – JSWSL OPJ Samruddhi Plan 2021 A/c","Other","Disposal","2026-08-19","2251","4207126","0.00","1267.8","2,853,920","18 Aug 2026  18 Aug 2026","Insider Trading","Equity","Market Sale"
"Siyaram Silk Mills","Avnish Poddar","Promoter","Acquisition","2026-08-19","349683","2318170","0.77","0","0","14 Aug 2026  14 Aug 2026","Insider Trading","Equity","Gift"
"Sacheta Metals","ESKAY ALLUMINIUM PVT LTD","Promoter Group","Acquisition","2026-08-19","9104","27527","0.01","3.8","34,231","19 Aug 2026  19 Aug 2026","Insider Trading","Equity","Market Purchase"
"JSW Steel","JSW Steel Employees Welfare Trust – OPJ ESOP Plan 2021 A/c","Other","Disposal","2026-08-19","13627","4209377","0.00","1267.9","17,277,108","18 Aug 2026  18 Aug 2026","Insider Trading","Equity","Market Sale"
"Rekvina Laboratories","Ami Amit Shah","Promoter Immediate Relative","Acquisition","2026-08-19","333845","333845","5.54","10","3,338,450","12 Aug 2026  12 Aug 2026","Insider Trading","Equity","Allotment"
"W S Industries","S. Aravindan","Promoter","Acquisition","2026-08-19","1765","4626083","0.00","62.3","109,988","17 Aug 2026  17 Aug 2026","Insider Trading","Equity","Market Purchase"
"Rekvina Laboratories","Surbhit Mukesh Shah","Promoter and Director","Acquisition","2026-08-19","2099820","3017427","34.83","1","2,099,820","12 Aug 2026  13 Aug 2026","Insider Trading","Equity","Allotment"
"Siyaram Silk Mills","Ramesh Kumar Poddar","Promoter and Director","Acquisition","2026-08-19","699367","3053150","1.54","0","0","14 Aug 2026  14 Aug 2026","Insider Trading","Equity","Gift"
"W S Industries","S. Aravindan","Promoter","Acquisition","2026-08-19","15873","4641956","0.02","62.1","985,416","17 Aug 2026  17 Aug 2026","Insider Trading","Equity","Market Purchase"
"Beryl Drugs","SUDHIR SETHI","Promoter and Director","Acquisition","2026-08-19","4809","518928","0.09","23.0","110,601","18 Aug 2026  18 Aug 2026","Insider Trading","Equity","Market Purchase"
"Aarti Pharmalabs","Safechem Enterprises Private Limited","Promoter Group","Disposal","2026-08-19","15000","455750","0.02","878.7","13,180,373","18 Aug 2026  19 Aug 2026","Insider Trading","Equity","Market Sale"
"JSW Steel","JSW Steel Employees Welfare Trust – OPJ ESOP Plan 2021 A/c","Other","Disposal","2026-08-19","19258","4187868","0.00","1","19,258","18 Aug 2026  18 Aug 2026","Insider Trading","Equity","Off Market"
"Indo-City Infotech","TIMES GROWTH SECURITEIS LIMITED","Other","Acquisition","2026-08-19","10000","445000","0.10","13.4","133,798","17 Aug 2026  18 Aug 2026","Insider Trading","Equity","Market Purchase"
"Apollo Hospitals","K VISHWESHWAR REDDY","Promoter","-","2026-08-19","81000","1577350","0.06","8825.9","714,900,000","17 Aug 2026  17 Aug 2026","Insider Trading","Equity","Pledge Creation"
"Hexagon Nutrition","MS. ANURADHA KELKAR","Promoter Group","Acquisition","2026-08-19","15000","9068059","0.01","64.0","960,728","17 Aug 2026  17 Aug 2026","Insider Trading","Equity","Market Purchase"
"Parmax Pharma","ALKESH M GOPANI","Promoter","Disposal","2026-08-19","670380","0
                
                
                    (0%)","17.92","35","23,463,300","13 Aug 2026  17 Aug 2026","Insider Trading","Equity","Off Market"
"Manappuram Finance","Lekshmy E","Employees Immediate Relative","Disposal","2026-08-19","19000","62","0.00","346.0","6,573,050","18 Aug 2026  18 Aug 2026","Insider Trading","Equity","Market Sale"
"Parmax Pharma","VIPUL M GOPANI","Promoter","Disposal","2026-08-19","481370","0
                
                
                    (0%)","12.87","35","16,847,950","13 Aug 2026  17 Aug 2026","Insider Trading","Equity","Off Market"
"HCL Technologies","HCL Technologies Stock Options Trust","Designated Person","Disposal","2026-08-19","8891","7713906","0.00","1372.8","12,205,565","14 Aug 2026  14 Aug 2026","Insider Trading","Equity","ESOS"
"Parmax Pharma","PRAVINA M GOPANI","Promoter Group","Disposal","2026-08-19","700","0
                
                
                    (0%)","0.02","35","24,500","13 Aug 2026  17 Aug 2026","Insider Trading","Equity","Off Market"
"Baazar Style Retail","Rajendra Kumar Gupta HUF","Promoter","Disposal","2026-08-19","150000","2748800","0.20","0.0","402","18 Aug 2026  18 Aug 2026","Insider Trading","Equity","Market Sale"
"Oasis Securities","Ritika Sodhani","Promoter Group","Acquisition","2026-08-19","52000","552000","0.11","0","0","17 Aug 2026  17 Aug 2026","Insider Trading","Equity","Market Purchase"
"HCL Technologies","Meshach Samuel Pradeepraj Moses","Designated Person","Disposal","2026-08-19","2691","0
                
                
                    (0%)","0.00","1333.5","3,588,449","17 Aug 2026  17 Aug 2026","Insider Trading","Equity","Market Sale"
"Oasis Securities","Priya Sodhani","Promoter and Director","Acquisition","2026-08-19","65000","4088775","0.14","0","0","17 Aug 2026  17 Aug 2026","Insider Trading","Equity","Market Purchase"
"eClerx Services","Eclerx Employee Welfare","Trust","Disposal","2026-08-19","15457","2102671","0.02","1781.1","27,530,914","18 Aug 2026  18 Aug 2026","Insider Trading","Equity","Market Purchase"
"Eveready Industries","ADITYA KHAITAN","Promoter","-","2026-08-19","232266","232266","0.32","352.9","81,966,671","17 Aug 2026  17 Aug 2026","Insider Trading","Equity","Pledge Creation"
"Nila Spaces","Kiran B Vadodaria","Promoter","Disposal","2026-08-19","737197","30180065","0.19","12.7","9,339,194","17 Aug 2026  18 Aug 2026","Insider Trading","Equity","Market Sale"
"Hexagon Nutrition","DR. NIKHIL KELKAR","Promoter","Acquisition","2026-08-19","16400","21232468","0.01","64.0","1,050,131","17 Aug 2026  17 Aug 2026","Insider Trading","Equity","Market Purchase"
"Hexagon Nutrition","MR. VIKRAM KELKAR","Promoter","Acquisition","2026-08-19","16300","25961344","0.01","64.1","1,044,058","17 Aug 2026  17 Aug 2026","Insider Trading","Equity","Market Purchase"
"Shantai Industries","DISHA MURLIDHAR SAWLANI","Promoter","Disposal","2026-08-19","660000","0
                
                
                    (0%)","8.80","11.5","7,590,000","17 Aug 2026  17 Aug 2026","Insider Trading","Equity","Off Market"
"NCC","Sirisha Projects Private Limited","Promoter","Acquisition","2026-08-19","214546","25305494","0.03","139.0","29,815,308","17 Aug 2026  18 Aug 2026","Insider Trading","Equity","Market Purchase"
"Shantai Industries","HARISHBHAI FATANDAS SAWLANI","Promoter and Director","Disposal","2026-08-19","1200000","0
                
                
                    (0%)","16","11.5","13,800,000","17 Aug 2026  17 Aug 2026","Insider Trading","Equity","Off Market"
"Tainwala Chemicals","PERIWINKLE FASHIONS PRIVATE LIMITED","Promoter Group","Acquisition","2026-08-19","9473","43317","0.10","207.7","1,967,586","10 Aug 2026  18 Aug 2026","Insider Trading","Equity","Market Purchase"
"Shantai Industries","REENA HARISH SAWLANI","Promoter and Director","Disposal","2026-08-19","660000","0
                
                
                    (0%)","8.80","11.5","7,590,000","17 Aug 2026  17 Aug 2026","Insider Trading","Equity","Off Market"
"Shantai Industries","MURLIBHAI FATANDAS SAWLANI","Promoter","Disposal","2026-08-19","1200000","0
                
                
                    (0%)","16","11.5","13,800,000","17 Aug 2026  17 Aug 2026","Insider Trading","Equity","Off Market"
"Shantai Industries","VASUDEV FATANDAS SAWLANI","Promoter and Director","Disposal","2026-08-19","1860000","0
                
                
                    (0%)","24.80","11.5","21,390,000","17 Aug 2026  17 Aug 2026","Insider Trading","Equity","Off Market"
"RPP Infra Projects","Ms. N A Yagavi","Promoter Group","Disposal","2026-08-19","881286","1357997","1.78","58.7","51,722,675","17 Aug 2026  17 Aug 2026","Insider Trading","Equity","Market Sale"
"Sellowrap Industries","Radhika Poddar","Promoter","Acquisition","2026-08-19","28800","89600","-","","-","13 Aug 2026  13 Aug 2026","SAST (Reg29(2))","Equity shares","Open Market"
"Dollex Agrotech","Mrs. Munni Khan","Promoter","Sale","2026-08-19","116000","6536000","-","","-","12 Aug 2026  12 Aug 2026","SAST (Reg29(2))","Equity shares","Others"
"Dollex Agrotech","Mrs. Munni Khan","Promoter","Sale","2026-08-19","786000","5750000","-","","-","13 Aug 2026  13 Aug 2026","SAST (Reg29(2))","Equity shares","Others"
"Dollex Agrotech","Mrs. Munni Khan","Promoter","Sale","2026-08-19","786000","5750000","-","","-","13 Aug 2026  13 Aug 2026","SAST (Reg29(2))","Equity shares","Others"
"DocMode Health ","Ramesh Kumar Jain","","Acquisition","2026-08-19","62400","188000","-","","-","06 Aug 2026  13 Aug 2026","SAST (Reg29(2))","Equity shares","Open Market"
"DocMode Health ","Ramesh Jain HUF","","Acquisition","2026-08-19","20000","120000","-","","-","06 Aug 2026  13 Aug 2026","SAST (Reg29(2))","Equity shares","Open Market"
"Newjaisa Tech","Vishesh Handa","Promoter","Sale","2026-08-19","693000","21626752","-","","-","13 Dec 2024  04 Aug 2026","SAST (Reg29(2))","Equity shares","Open Market"
"Nikita Greentech Recycling","Abhinav A Bansal","Promoter","Acquisition","2026-08-19","63600","866540","-","","-","12 Aug 2026  13 Aug 2026","SAST (Reg29(2))","Equity shares","Open Market"
"DocMode Health ","Ramesh Kumar Jain","","Acquisition","2026-08-19","72000","260000","-","","-","14 Aug 2026  14 Aug 2026","SAST (Reg29(2))","Equity shares","Open Market"
"Magson Retail ","Manish Shivnarayan Pancholi","Promoter","Sale","2026-08-19","200000","161100","-","","-","13 Aug 2026  13 Aug 2026","SAST (Reg29(2))","Equity shares","Open Market"
"Arvind Port and Infra","Vinit Arvind Shah","Promoter","Acquisition","2026-08-19","7500","1473000","-","","-","12 Aug 2026  13 Aug 2026","SAST (Reg29(2))","Equity shares","Others"
"DocMode Health ","Ramesh kumar jain","","Acquisition","2026-08-19","72000","260000","-","","-","14 Aug 2026  14 Aug 2026","SAST (Reg29(2))","Equity shares","Open Market"
"Nikita Greentech Recycling","Antara Rakesh","Promoter","Acquisition","2026-08-19","37200","620690","-","","-","13 Aug 2026  13 Aug 2026","SAST (Reg29(2))","Equity shares","Open Market"
"IRIS Clothings","Stellar IR Advisors Private Limited","","Sale","2026-08-19","6396255","25541171","-","","-","29 Jul 2025  11 Aug 2026","SAST (Reg29(2))","Equity shares","Open Market"
"Aakash Exploration ","Pravin Varshibhai  Haria","Promoter","Acquisition","2026-08-19","7277950","7277950","-","","-","10 Aug 2026  10 Aug 2026","SAST (Reg29(1))","Equity shares","Others"
"Ganga Forging","PINE OAK GLOBAL FUND","","Sale","2026-08-19","19239770","1534739","-","","-","07 Aug 2026  14 Aug 2026","SAST (Reg29(2))","Equity shares","Open Market"
"Aakash Exploration ","Krunal Pravin  Haria","Promoter","Sale","2026-08-19","7277950","0
                
                
                    (0%)","-","","-","10 Aug 2026  10 Aug 2026","SAST (Reg29(2))","Equity shares","Others"
"Macpower CNC ","Mr Mehta Reyan Rupeshbhai","Promoter","Acquisition","2026-08-19","475000","475000","-","","-","14 Aug 2026  14 Aug 2026","SAST (Reg29(1))","Equity shares","Inter-se transfer"
"Corona Remedies","Apurvsinh Kirtisinh Parmar","Designated Person","Acquisition","2026-08-19","50","100","0.00","2104.8","105,242","05 Aug 2026  06 Aug 2026","Insider Trading","Equity","Market Purchase"
"Corona Remedies","Apurvsinh Kirtisinh Parmar","Designated Person","Acquisition","2026-08-19","50","50","0.00","2135.0","106,751","05 Aug 2026  06 Aug 2026","Insider Trading","Equity","Market Purchase"
"Corona Remedies","Kirtisinh Manoharsinh Parmar","Immediate Relative","Acquisition","2026-08-19","50","296","0.00","2092.4","104,620","05 Aug 2026  06 Aug 2026","Insider Trading","Equity","Market Purchase"
"Corona Remedies","Ranjanben Kirtisinh Parmar","Immediate Relative","Acquisition","2026-08-19","75","165","0.00","2089.7","156,730","05 Aug 2026  06 Aug 2026","Insider Trading","Equity","Market Purchase"
"Corona Remedies","Apurvsinh Kirtisinh Parmar","Designated Person","Acquisition","2026-08-19","50","150","0.00","2064.5","103,227","05 Aug 2026  06 Aug 2026","Insider Trading","Equity","Market Purchase"
"Corona Remedies","Ranjanben Kirtisinh Parmar","Immediate Relative","Acquisition","2026-08-19","90","90","0.00","2119.9","190,793","05 Aug 2026  06 Aug 2026","Insider Trading","Equity","Market Purchase"
"Corona Remedies","Kirtisinh Manoharsinh Parmar","Immediate Relative","Acquisition","2026-08-19","50","106","0.00","2142.6","107,128","05 Aug 2026  06 Aug 2026","Insider Trading","Equity","Market Purchase"
"Corona Remedies","Kirtisinh Manoharsinh Parmar","Immediate Relative","Acquisition","2026-08-19","50","156","0.00","2122.5","106,126","05 Aug 2026  06 Aug 2026","Insider Trading","Equity","Market Purchase"
"Bhartiya Intl","SAMIR BHOJWANI","Directors Immediate Relative","Acquisition","2026-08-19","1000","1000","0.01","846.8","846,805","17 Aug 2026  18 Aug 2026","Insider Trading","Equity","Market Purchase"
"Bhartiya Intl","RAJ KUMAR CHAWLA","KMP","Acquisition","2026-08-19","500","1177","0.00","833.5","416,747","18 Aug 2026  18 Aug 2026","Insider Trading","Equity","Market Purchase"
"Kapil Raj Finance","PUNITH D PUTHRAN","Director","Disposal","2026-08-19","8000000","0
                
                
                    (0%)","7.31","1.6","12,440,000","12 Aug 2026  13 Aug 2026","Insider Trading","Equity","Market Sale"
"360 One Wam","Gaurav Doshi","Designated Person","Disposal","2026-08-19","2000","0
                
                
                    (0%)","0.00","1168.5","2,336,900","17 Aug 2026  17 Aug 2026","Insider Trading","Equity","Market Sale"
"P G Foils","PIPALIA CABLES AND WIRES PRIVATE LIMITED","Promoter Group","Acquisition","2026-08-19","100000","1891999","0.85","196.3","19,628,000","18 Aug 2026  18 Aug 2026","Insider Trading","Equity","Market Purchase"
"NCL Industries","KALIDINDI RAVI","Promoter and Director","Acquisition","2026-08-19","2950","3262923","0.01","172.0","507,489","18 Aug 2026  18 Aug 2026","Insider Trading","Equity","Market Purchase"
"NCL Industries","NCL HOLDINGS (A&S) LTD","Promoter Group","Acquisition","2026-08-19","64311","374311","0.14","171.9","11,056,896","17 Aug 2026  18 Aug 2026","Insider Trading","Equity","Market Purchase"
"P G Foils","FOILS INDIA LAMINATES PRIVATE LIMITED","Promoter Group","Acquisition","2026-08-19","150000","1751639","1.27","195.7","29,347,500","18 Aug 2026  18 Aug 2026","Insider Trading","Equity","Market Purchase"
"Abhinav Capital","Vinod Hardattrai Biyani","Promoter","Acquisition","2026-08-19","306521","356518","4.43","0","0","14 Aug 2026  14 Aug 2026","Insider Trading","Equity","Gift"
"Abhinav Capital","Kailash Hardattrai Biyani","Promoter","Disposal","2026-08-19","955631","444869","13.80","0","0","14 Aug 2026  14 Aug 2026","Insider Trading","Equity","Gift"
"V-Guard Industries","PRIYA SARAH CHEERAN JOSEPH","Other","Disposal","2026-08-19","418053","9475208","0.10","330.5","138,162,336","17 Aug 2026  17 Aug 2026","Insider Trading","Equity","Market Sale"
"V-Guard Industries","DEEPAK AUGUSTINE","Employee","Disposal","2026-08-19","3000","184797","0.00","343.8","1,031,400","17 Aug 2026  17 Aug 2026","Insider Trading","Equity","Market Sale"
"V-Guard Industries","DEEPAK AUGUSTINE","Employee","Disposal","2026-08-19","1000","187797","0.00","336.9","336,900","13 Aug 2026  13 Aug 2026","Insider Trading","Equity","Market Sale"
"Abhinav Capital","Bharat Hardattrai Biyani","Promoter Immediate Relative","Acquisition","2026-08-19","649110","649110","9.37","0","0","14 Aug 2026  14 Aug 2026","Insider Trading","Equity","Gift"
"Signet Industries","Mukesh Sangla","Promoter and Director","Acquisition","2026-08-19","20806","1204595","0.07","67.7","1,407,942","18 Aug 2026  18 Aug 2026","Insider Trading","Equity","Market Purchase"
"Kilburn Engineering","Firstview Trading Private Limited","Promoter","Acquisition","2026-08-19","30000","16443600","0.06","358.2","10,745,388","18 Aug 2026  18 Aug 2026","Insider Trading","Equity","Market Purchase"
"Kilburn Engineering","Vivaya Enterprises Private Limited","Promoter Group","Acquisition","2026-08-19","20000","1498235","0.04","363.7","7,273,558","18 Aug 2026  18 Aug 2026","Insider Trading","Equity","Market Purchase"
"Dolfin Rubbers","RATINDER KAUR","Promoter","Acquisition","2026-08-19","6000","1150295","0.06","165.4","992,352","17 Aug 2026  17 Aug 2026","Insider Trading","Equity","Market Purchase"
"Dolfin Rubbers","Kawaljit Singh","Promoter and Director","Acquisition","2026-08-19","13010","1638093","0.13","164.4","2,138,278","17 Aug 2026  19 Aug 2026","Insider Trading","Equity","Market Purchase"
"Mach Travel Solutions","Diva Bhatia","Directors Immediate Relative","Acquisition","2026-08-19","7800","17400","0.04","177.4","1,384,074","18 Aug 2026  18 Aug 2026","Insider Trading","Equity","Market Purchase"
"Avonmore Capital","INNOVATIVE MONEY MATTERS PRIVATE LIMITED","Promoter","Acquisition","2026-08-19","100000","94214900","0.04","13.3","1,333,405","18 Aug 2026  18 Aug 2026","Insider Trading","Equity","Market Purchase"
"Obcl","OBCL INFRASTRUCTURE PRIVATE LIMITED","Promoter Group","Acquisition","2026-08-19","19181","2253942","0.09","54.0","1,035,518","14 Aug 2026  18 Aug 2026","Insider Trading","Equity","Market Purchase"
"Vibhor Steel Tubes","VIJAY KUMAR KAUSHIK","Promoter and Director","Acquisition","2026-08-19","2000","4177400","0.01","106.8","213,642","18 Aug 2026  18 Aug 2026","Insider Trading","Equity","Market Purchase"
"South Paper Mills","SHISHIR PRAFUL PATEL","Promoter","Disposal","2026-08-19","72502","315294","0.39","105.5","7,645,336","14 Aug 2026  14 Aug 2026","Insider Trading","Equity","Inter-se-Transfer"
"South Paper Mills","MANISH MAHENDRA PATEL","Promoter and Director","Acquisition","2026-08-19","240170","742822","1.28","105.5","25,325,937","14 Aug 2026  14 Aug 2026","Insider Trading","Equity","Inter-se-Transfer"
"South Paper Mills","SHEILJA DIPAM PATEL","Promoter","Disposal","2026-08-19","72502","315294","0.39","105.5","7,645,336","14 Aug 2026  14 Aug 2026","Insider Trading","Equity","Inter-se-Transfer"
"South Paper Mills","APARNA RAMESH PATEL","Promoter","Disposal","2026-08-19","72503","315421","0.39","105.4","7,645,441","14 Aug 2026  14 Aug 2026","Insider Trading","Equity","Inter-se-Transfer"
"South Paper Mills","PRIT RAMESHCHANDRA PATEL","Promoter","Disposal","2026-08-19","22663","365257","0.12","105.4","2,389,813","14 Aug 2026  14 Aug 2026","Insider Trading","Equity","Inter-se-Transfer"
"Jay Shree Tea ","MRS.JAYASHREE MOHTA","Promoter and Director","Acquisition","2026-08-18","11223","2369255","0.04","87.5","982,000","17 Aug 2026  17 Aug 2026","Insider Trading","Equity","Market Purchase"
"Jay Shree Tea ","MRS.JAYASHREE MOHTA","Promoter and Director","Acquisition","2026-08-18","1252262","2358032","4.34","88.5","110,814,212","17 Aug 2026  17 Aug 2026","Insider Trading","Equity","Market Purchase"
"Beryl Drugs","SUDHIR SETHI","Promoter and Director","Acquisition","2026-08-18","3000","514119","0.06","23","69,000","17 Aug 2026  17 Aug 2026","Insider Trading","Equity","Market Purchase"
"Mindspace REIT","Ramesh Kumar Nair","Director","Acquisition","2026-08-18","10200","80360","0.00","496.0","5,058,996","14 Aug 2026  14 Aug 2026","Insider Trading","Any other instrument","Market Purchase"
"Alphageo","SASHANK ALLA","Promoter Group","Disposal","2026-08-18","1500","222500","0.02","338.7","508,011","17 Aug 2026  17 Aug 2026","Insider Trading","Equity","Market Sale"
"Landmark Cars","Harshal Manojkumar Desai","Designated Person","Disposal","2026-08-18","11271","50975","0.03","509.7","5,744,713","17 Aug 2026  17 Aug 2026","Insider Trading","Equity","Market Sale"
"Dr. Lal Pathlabs","Manoj Kumar Garg","Designated Person","Disposal","2026-08-18","3000","53400","0.00","1969.3","5,907,990","13 Aug 2026  13 Aug 2026","Insider Trading","Equity","Market Sale"
"Baazar Style Retail","Sidharth Surana","Promoter Group","Disposal","2026-08-18","900000","514378","1.18","0.0","362","17 Aug 2026  17 Aug 2026","Insider Trading","Equity","Market Sale"
"Dr. Lal Pathlabs","Amit Aggarwal","Designated Person","Acquisition","2026-08-18","2050","2050","0.00","1335.0","2,736,689","18 Aug 2026  18 Aug 2026","Insider Trading","Equity","ESOP"
"T T","T. T. BRANDS LIMITED","Promoter Group","Acquisition","2026-08-18","127200","89165907","0.05","6.3","804,339","17 Aug 2026  18 Aug 2026","Insider Trading","Equity","Market Purchase"
"Dr. Lal Pathlabs","Dr. Lal PathLabs Employee Welfare Trust","Other","Disposal","2026-08-18","15922","741286","0.01","1020.4","16,246,635","14 Aug 2026  18 Aug 2026","Insider Trading","Equity","ESOP"
"Oasis Securities","Vansh Sodhani","Promoter Group","Acquisition","2026-08-18","96817","371817","0.21","11.7","1,133,727","17 Aug 2026  17 Aug 2026","Insider Trading","Equity","Market Purchase"
"Dr. Lal Pathlabs","Manoj Kumar Garg","Designated Person","Acquisition","2026-08-18","3000","56400","0.00","965.0","2,895,090","14 Aug 2026  14 Aug 2026","Insider Trading","Equity","ESOP"
"Baazar Style Retail","Rajendra Kumar Gupta HUF","Promoter","Disposal","2026-08-18","100000","2898800","0.13","0.0","384","17 Aug 2026  17 Aug 2026","Insider Trading","Equity","Market Sale"
"Baazar Style Retail","Shreyans Surana","Promoter and Director","Disposal","2026-08-18","2100000","1788248","2.76","0.0","362","17 Aug 2026  17 Aug 2026","Insider Trading","Equity","Market Sale"
"Baazar Style Retail","Bhagwan Prasad","Promoter and Director","Disposal","2026-08-18","1500000","2905142","1.97","0.0","362","17 Aug 2026  17 Aug 2026","Insider Trading","Equity","Market Sale"
"Alphageo","ANISHA ALLA","Promoter Group","Disposal","2026-08-18","2100","190500","0.03","316.1","663,858","17 Aug 2026  17 Aug 2026","Insider Trading","Equity","Market Sale"
"Dr. Lal Pathlabs","Jai Prakash Meena","Designated Person","Acquisition","2026-08-18","7000","9000","0.00","1087.5","7,612,291","14 Aug 2026  14 Aug 2026","Insider Trading","Equity","ESOP"
"W S Industries","S. Anandavadivel","Promoter and Director","Acquisition","2026-08-18","5000","4629297","0.01","60.5","302,442","14 Aug 2026  14 Aug 2026","Insider Trading","Equity","Market Purchase"
"Bluestone Jewellery","Raghvendra Somani","Designated Person","Disposal","2026-08-18","250","46","0.00","880.1","220,037","14 Aug 2026  14 Aug 2026","Insider Trading","Equity","Market Sale"
"Aarti Pharmalabs","Nikhil Parimal Desai","Promoter Group","Disposal","2026-08-18","10000","671754","0.01","868.3","8,683,188","13 Aug 2026  14 Aug 2026","Insider Trading","Equity","Market Sale"
"Menon Bearings","Sucheta Nitin Menon","Promoter Group","Disposal","2026-08-18","300000","2501964","0.54","240.0","72,013,600","14 Aug 2026  17 Aug 2026","Insider Trading","Equity","Market Sale"
"Bluestone Jewellery","Vipin Sharma","Designated Person","Disposal","2026-08-18","48706","0
                
                
                    (0%)","0.03","877.8","42,754,614","14 Aug 2026  14 Aug 2026","Insider Trading","Equity","Market Sale"
"Bluestone Jewellery","Vipin Sharma","Designated Person","Disposal","2026-08-18","254041","48706","0.17","888.2","225,651,791","13 Aug 2026  13 Aug 2026","Insider Trading","Equity","Market Sale"
"Happy Forgings","BAJIRAO PANDURANG PATIL (Revised)","Designated Person","Disposal","2026-08-18","864","16","0.00","1900","1,641,600","10 Aug 2026  10 Aug 2026","Insider Trading","Equity","Market Sale"
"Aarti Pharmalabs","Nikhil Parimal Desai","Promoter Group","Disposal","2026-08-18","5000","666754","0.01","881.8","4,408,950","17 Aug 2026  18 Aug 2026","Insider Trading","Equity","Market Sale"
"Aarti Pharmalabs","Safechem Enterprises Private Limited","Promoter Group","Disposal","2026-08-18","55000","470750","0.06","859.9","47,292,306","17 Aug 2026  18 Aug 2026","Insider Trading","Equity","Market Sale"
"Bluestone Jewellery","Vipin Sharma","Designated Person","Disposal","2026-08-18","30054","302747","0.02","890.5","26,762,369","13 Aug 2026  13 Aug 2026","Insider Trading","Equity","Market Sale"
"Bluestone Jewellery","Raghvendra Somani","Designated Person","Disposal","2026-08-18","600","296","0.00","850.2","510,115","17 Aug 2026  17 Aug 2026","Insider Trading","Equity","Market Sale"
"Vishnu Prakash R Punglia","Vijay Punglia (Revised)","Promoter Group","Invoke","2026-08-18","700000","3815000","0.56","35.1","24,549,000","13 Aug 2026  13 Aug 2026","Insider Trading","Equity","Invocation of pledge"
"Jaro Institute of Technology","Balkrishna Namdeo Salunkhe","Promoter","Acquisition","2026-08-18","22100","934296","0.10","452.0","9,988,144","17 Aug 2026  17 Aug 2026","Insider Trading","Equity","Market Purchase"
"Menon Bearings","Aditya Nitin Menon","Promoter Group","Disposal","2026-08-18","350000","2894978","0.62","240","84,000,000","14 Aug 2026  14 Aug 2026","Insider Trading","Equity","Market Sale"
"Aarti Pharmalabs","Safechem Enterprises Private Limited","Promoter Group","Disposal","2026-08-18","23482","525750","0.03","881.8","20,706,197","13 Aug 2026  14 Aug 2026","Insider Trading","Equity","Market Sale"
"Bluestone Jewellery","Harshit Kulin Desai","Designated Person","Disposal","2026-08-18","1700","0
                
                
                    (0%)","0.00","847.0","1,439,950","17 Aug 2026  17 Aug 2026","Insider Trading","Equity","Market Sale"
"Three M Paper Boards","HITENDRA DHANJI SHAH","Promoter and Director","Acquisition","2026-08-18","4000","9156760","0.02","23.7","94,820","18 Aug 2026  18 Aug 2026","Insider Trading","Equity","Market Purchase"
"Menon Bearings","Anshul Nitin Menon","Promoter Group","Disposal","2026-08-18","350000","2894978","0.62","240","84,000,000","14 Aug 2026  14 Aug 2026","Insider Trading","Equity","Market Sale"
"W S Industries","S. Anandavadivel","Promoter and Director","Acquisition","2026-08-18","10000","4639297","0.01","60.1","600,576","14 Aug 2026  14 Aug 2026","Insider Trading","Equity","Market Purchase"
"Rossell Techsys","Rishab Mohan Gupta","Promoter","Disposal","2026-08-18","339268","6323330","0.90","","-","31 Jul 2026  31 Jul 2026","SAST (29(2))","-","Market"
"Samtel","K2 Family Private Trust","Other","Disposal","2026-08-18","144808","528633","2.04","","-","11 Apr 2018  30 Jul 2026","SAST (29(2))","-","Market"
"Rossell Techsys","Harsh Mohan Gupta & Sons HUF","Promoter","Disposal","2026-08-18","1507849","1367331","4","","-","31 Jul 2026  31 Jul 2026","SAST (29(2))","-","Market"
"Aqylon Nexus","Leading Leasing Finance & Investment Company Ltd","Other","Disposal","2026-08-18","14727668","18364883","5.80","","-","30 Jul 2026  30 Jul 2026","SAST (29(2))","-","Market"
"TIL","Manju Mazumder","Other","Disposal","2026-08-18","3010523","2636275","3.65","","-","29 Jul 2026  29 Jul 2026","SAST (29(2))","-","Market"
"Adishakti Loha & Ispat","Pawan Kumar Mittal & Rukmani Devi Mittal","Promoter","Disposal","2026-08-18","220000","2058000","1.75","","-","23 Jun 2026  28 Jul 2026","SAST (29(2))","-","Market"
"Pankaj Piyush Trade","Kreon Financial Services Ltd","Other","Acquisition","2026-08-18","10513","130845","0.89","","-","30 Jul 2026  30 Jul 2026","SAST (29(2))","-","Market"
"Mamata Machinery","Solidarity Advisors Pvt Ltd","Other","Acquisition","2026-08-18","496667","1728775","2.02","","-","19 Feb 2006  30 Jul 2026","SAST (29(2))","-","Market"
"Rossell Techsys","Harsh Mohan Gupta & Son HUF","Promoter","Disposal","2026-08-18","1507849","1367331","4","","-","31 Jul 2026  31 Jul 2026","SAST (29(2))","-","Market"
"Denis Chem Lab","VS Holding BV","Other","Disposal","2026-08-18","285845","2591929","2.06","","-","30 Jul 2026  30 Jul 2026","SAST (29(2))","-","Market"
"Info Edge","Shantanu Mathur","Designated Person","Disposal","2026-08-18","9000","9325","0.00","1340.4","12,063,938","14 Aug 2026  14 Aug 2026","Insider Trading","Equity","Market Sale"
"Happy Forgings","NARINDER SINGH","Designated Person","Disposal","2026-08-18","500","8809","0.00","2174.6","1,087,300","17 Aug 2026  17 Aug 2026","Insider Trading","Equity","Market Sale"
"Info Edge","Shalabh Nigam","Other","Disposal","2026-08-18","25000","94685","0.00","1355.3","33,882,106","17 Aug 2026  17 Aug 2026","Insider Trading","Equity","Market Sale"
"Info Edge","Kumar Karuppannan","Designated Person","Disposal","2026-08-18","674","1","0.00","1357.3","914,820","14 Aug 2026  14 Aug 2026","Insider Trading","Equity","Market Sale"
"Sangam","Vikas Dungarwal","Designated Person","Acquisition","2026-08-18","2625","2925","0.01","266.7","700,088","10 Aug 2026  10 Aug 2026","Insider Trading","Equity","ESOP"
"Info Edge","Amitendra Singh Antal","Designated Person","Disposal","2026-08-18","1500","7194","0.00","1361.8","2,042,679","13 Aug 2026  13 Aug 2026","Insider Trading","Equity","Market Sale"
"Sangam","Vikas Dungarwal","Designated Person","Disposal","2026-08-18","1700","1225","0.00","588.4","1,000,300","13 Aug 2026  13 Aug 2026","Insider Trading","Equity","Market Sale"
"Info Edge","Manoj Padmanabhan","Designated Person","Disposal","2026-08-18","5000","174260","0.00","1360","6,800,000","17 Aug 2026  17 Aug 2026","Insider Trading","Equity","Market Sale"
"Info Edge","Info Edge Employees Stock Option Plan Trust","Trust","Disposal","2026-08-18","14706","460696","0.00","2","29,412","14 Aug 2026  14 Aug 2026","Insider Trading","Equity","ESOP"
"Daulat Securities","ADITI BHUTORIA","Connected Person","Acquisition","2026-08-18","2500","93174","0.05","28.5","71,150","18 Aug 2026  18 Aug 2026","Insider Trading","Equity","Market Purchase"
"Info Edge","Shalabh Nigam","Other","Disposal","2026-08-18","25000","69685","0.00","1355.1","33,877,447","17 Aug 2026  17 Aug 2026","Insider Trading","Equity","Market Sale"
"Info Edge","Ruchir Singh","Designated Person","Disposal","2026-08-18","2744","0
                
                
                    (0%)","0.00","1364.7","3,744,737","17 Aug 2026  17 Aug 2026","Insider Trading","Equity","Market Sale"
"Go Fashion","RAHUL SARAOGI","Promoter","-","2026-08-18","1625000","9932320","3.01","331","537,875,000","13 Aug 2026  13 Aug 2026","Insider Trading","Equity","Pledge Creation"
"Eppeltone Engineers","Mr. Deven Chowdhary","Promoter","Sale","2026-08-18","821000","1983000","-","","-","07 Aug 2026  07 Aug 2026","SAST (Reg29(2))","Equity shares","Others"
"Eppeltone Engineers","Mr. Rohit Chowdhary","Promoter","Sale","2026-08-18","2316000","2831540","-","","-","07 Aug 2026  07 Aug 2026","SAST (Reg29(2))","Equity shares","Others"
"Eppeltone Engineers","Waaree Smart meters Private Ltd","","Acquisition","2026-08-18","3137000","3137000","-","","-","07 Aug 2026  07 Aug 2026","SAST (Reg29(1))","Equity shares","Others"
"Nikita Greentech Recycling","Sandhya Bansal","Promoter","Acquisition","2026-08-18","24000","971150","-","","-","12 Aug 2026  12 Aug 2026","SAST (Reg29(2))","Equity shares","Open Market"
"Dollex Agrotech","Munni Khan","Promoter","Sale","2026-08-18","116000","6536000","-","","-","12 Aug 2026  12 Aug 2026","SAST (Reg29(2))","Equity shares","Others"
"Nikita Greentech Recycling","Sudhir Kumar Bansal","Promoter","Acquisition","2026-08-18","24000","1867130","-","","-","12 Aug 2026  12 Aug 2026","SAST (Reg29(2))","Equity shares","Open Market"
"Seshasayee Paper & Boards","Dhanashree Investments Pvt Ltd","Promoter","Acquisition","2026-08-18","20695","3138944","0.03","","-","30 Jul 2026  30 Jul 2026","SAST (29(2))","-","Market"
"Electronics Mart","Nippon India Mutual Fund","Other","Disposal","2026-08-18","554085","11341702","0.14","","-","27 Sep 2023  28 Jul 2026","SAST (29(2))","-","Market"
"Firstsource Solutions","Firstsource Employee Benefit Trust","Trust","Disposal","2026-08-18","105550","5850744","0.02","273.6","28,873,203","12 Aug 2026  12 Aug 2026","Insider Trading","Equity","Market Sale"
"Firstsource Solutions","Firstsource Employee Benefit Trust","Trust","Disposal","2026-08-18","248355","5602389","0.04","10","2,483,550","12 Aug 2026  12 Aug 2026","Insider Trading","Equity","Off Market"
"Signet Industries","Mukesh Sangla","Promoter and Director","Acquisition","2026-08-18","13904","1183789","0.05","68.8","956,643","17 Aug 2026  17 Aug 2026","Insider Trading","Equity","Market Purchase"
"eClerx Services","Eclerx Employee Welfare","Trust","Acquisition","2026-08-18","12725","2118128","0.01","1858.5","23,649,079","17 Aug 2026  17 Aug 2026","Insider Trading","Equity","Market Purchase"
"Senthil Infotek","P ANURADHA","Promoter Group","Disposal","2026-08-18","50000","0
                
                
                    (0%)","0.99","5.5","275,000","14 Aug 2026  14 Aug 2026","Insider Trading","Equity","Off Market"
"Kilburn Engineering","Ekta Credit Private Limited","Promoter Group","Acquisition","2026-08-18","25000","1473235","0.05","348.7","8,718,208","17 Aug 2026  17 Aug 2026","Insider Trading","Equity","Market Purchase"
"Senthil Infotek","MALLIGA","Promoter Group","Disposal","2026-08-18","100000","0
                
                
                    (0%)","1.98","5.5","550,000","14 Aug 2026  14 Aug 2026","Insider Trading","Equity","Off Market"
"Kilburn Engineering","Firstview Trading Private Limited","Promoter","Acquisition","2026-08-18","25000","16413600","0.05","344.0","8,600,625","17 Aug 2026  17 Aug 2026","Insider Trading","Equity","Market Purchase"
"Senthil Infotek","PITCHANDI SELVAM","Promoter Group","Disposal","2026-08-18","100000","0
                
                
                    (0%)","1.98","5.5","550,000","14 Aug 2026  14 Aug 2026","Insider Trading","Equity","Off Market"
"Avonmore Capital","INNOVATIVE MONEY MATTERS PRIVATE LIMITED","Promoter","Acquisition","2026-08-18","50000","94114900","0.02","11.4","570,345","12 Aug 2026  12 Aug 2026","Insider Trading","Equity","Market Purchase"
"Fischer Medical","FMV Holdings Pte Ltd","Promoter","Acquisition","2026-08-18","454210","354761120","0.07","23.4","10,628,514","17 Aug 2026  17 Aug 2026","Insider Trading","Equity","Conversion of security"
"Jubilant Foodworks","JFL Employee Welfare Trust","Trust","Disposal","2026-08-18","108892","2052395","0.02","2","217,784","17 Aug 2026  17 Aug 2026","Insider Trading","Equity","ESOP"
"Vibhor Steel Tubes","VIJAY KUMAR KAUSHIK","Promoter and Director","Acquisition","2026-08-18","5000","4175400","0.03","107.0","534,796","14 Aug 2026  17 Aug 2026","Insider Trading","Equity","Market Purchase"
"Thyrocare Tech","Docon Technologies Private Limited","Promoter","-","2026-08-18","79469696","81200000","49.93","618.6","49,159,953,946","17 Aug 2026  17 Aug 2026","Insider Trading","Equity","None"
"Koiya International","Shaju Thomas (Revised)","Promoter","Disposal","2026-08-18","350000","633926","5.81","","-","15 Jun 2026  15 Jun 2026","SAST (29(2))","-","Market"
"Titan Company","Titan Employee Stock Option Trust","Connected Person","Disposal","2026-08-18","30581","407766","0.00","5089.8","155,649,951","10 Aug 2026  14 Aug 2026","Insider Trading","Equity","Off Market"
"Obcl","OBCL INFRASTRUCTURE PRIVATE LIMITED","Promoter Group","Acquisition","2026-08-18","160579","2234761","0.76","52.9","8,490,131","11 Aug 2026  13 Aug 2026","Insider Trading","Equity","Market Purchase"
"Samkrg Pistons ","SARIPALLI KARUNAKR","Promoter and Director","Acquisition","2026-08-18","2000000","2586971","20.37","10","20,000,000","17 Aug 2026  17 Aug 2026","Insider Trading","Equity","Inter-se-Transfer"
"Fischer Medical","Shankar Varadharajan","Promoter","Acquisition","2026-08-17","6000000","86001530","0.87","23.4","140,400,000","14 Aug 2026  14 Aug 2026","Insider Trading","Equity","Conversion of security"
"Nippon Life Asset Mgmt","Vegi Samba Murthy","Designated Person","Acquisition","2026-08-17","3772","3772","0.00","396.8","1,496,680","12 Aug 2026  12 Aug 2026","Insider Trading","Equity","ESOP"
"Nippon Life Asset Mgmt","Ashok Kumar Dobriyal","Designated Person","Acquisition","2026-08-17","2293","8529","0.00","426.1","977,049","12 Aug 2026  12 Aug 2026","Insider Trading","Equity","ESOP"
"Nippon Life Asset Mgmt","Vivek Sharma","Designated Person","Acquisition","2026-08-17","6173","8026","0.00","223.3","1,378,554","12 Aug 2026  12 Aug 2026","Insider Trading","Equity","ESOP"
"Nippon Life Asset Mgmt","Vikas Agarwal","Designated Person","Acquisition","2026-08-17","1702","2055","0.00","499.8","850,592","12 Aug 2026  12 Aug 2026","Insider Trading","Equity","ESOP"
"Nippon Life Asset Mgmt","Shadab Shaikh","Designated Person","Acquisition","2026-08-17","4000","5111","0.00","372.7","1,490,840","12 Aug 2026  12 Aug 2026","Insider Trading","Equity","ESOP"
"Nippon Life Asset Mgmt","Praveen Bilgaiyan","Designated Person","Acquisition","2026-08-17","2448","4607","0.00","282.9","692,592","12 Aug 2026  12 Aug 2026","Insider Trading","Equity","ESOP"
"Nippon Life Asset Mgmt","Sundeep Sikka","Director","Acquisition","2026-08-17","250000","750000","0.04","223.3","55,830,000","12 Aug 2026  12 Aug 2026","Insider Trading","Equity","ESOP"
"Nippon Life Asset Mgmt","Sushil Hari Prasad Budhia","Designated Person","Acquisition","2026-08-17","8000","8000","0.00","223.3","1,786,560","12 Aug 2026  12 Aug 2026","Insider Trading","Equity","ESOP"
"Nippon Life Asset Mgmt","Arash Arethna","Designated Person","Acquisition","2026-08-17","1230","1230","0.00","449.0","552,268","12 Aug 2026  12 Aug 2026","Insider Trading","Equity","ESOP"
"Nippon Life Asset Mgmt","Akash Singh Rana","Designated Person","Acquisition","2026-08-17","2029","2029","0.00","372.7","756,229","12 Aug 2026  12 Aug 2026","Insider Trading","Equity","ESOP"
"Nippon Life Asset Mgmt","Pranay Sinha","Designated Person","Acquisition","2026-08-17","4000","5000","0.00","499.8","1,999,040","12 Aug 2026  12 Aug 2026","Insider Trading","Equity","ESOP"
"ICRA","Aditi Nayar","Designated Person","Acquisition","2026-08-17","185","413","0.00","5105.5","944,518","17 Aug 2026  17 Aug 2026","Insider Trading","Equity","ESOP"
"Fischer Medical","FMV Holdings Pte Ltd","Promoter","Acquisition","2026-08-17","7335909","354306910","1.06","23.4","171,660,271","14 Aug 2026  14 Aug 2026","Insider Trading","Equity","Conversion of security"
"Nippon Life Asset Mgmt","Shalin Shah","Designated Person","Acquisition","2026-08-17","5672","25967","0.00","429.6","2,436,660","12 Aug 2026  12 Aug 2026","Insider Trading","Equity","ESOP"
"Nippon Life Asset Mgmt","Rakesh Patel","Designated Person","Acquisition","2026-08-17","3288","3288","0.00","399.5","1,313,471","12 Aug 2026  12 Aug 2026","Insider Trading","Equity","ESOP"
"Cupid Breweries","Subha Lalita Samavedam","Directors Immediate Relative","Disposal","2026-08-17","30000","20308","0.03","27.9","836,211","10 Aug 2026  11 Aug 2026","Insider Trading","Equity","Market Sale"
"Info Edge","Hitesh Oberoi","Promoter and Director","Disposal","2026-08-17","500000","31507350","0.08","1364.6","682,305,000","17 Aug 2026  17 Aug 2026","Insider Trading","Equity","Market Sale"
"Alembic","Nirayu Private Limited","Promoter Group","Acquisition","2026-08-17","454376","162369428","0.18","87.7","39,869,975","14 Aug 2026  17 Aug 2026","Insider Trading","Equity","Market Purchase"
"Deccan Gold Mines","SUBRAMANIAM SUNDARAM","Director","-","2026-08-17","198009","198009","0.10","225.0","44,561,925","13 Aug 2026  13 Aug 2026","Insider Trading","Equity","Pledge Creation"
"Info Edge","Sanjeev Bikhchandani","Promoter and Director","Disposal","2026-08-17","850000","154995490","0.13","1362.4","1,158,070,471","17 Aug 2026  17 Aug 2026","Insider Trading","Equity","Market Sale"
"ADF Foods","Parul Vishal Sonchhatra","Designated Person","Disposal","2026-08-17","9000","108000","0.01","260.0","2,339,624","10 Aug 2026  10 Aug 2026","Insider Trading","Equity","Market Sale"
"Mach Travel Solutions","Diva Bhatia","Directors Immediate Relative","Acquisition","2026-08-17","3600","9600","0.02","177.7","639,570","17 Aug 2026  17 Aug 2026","Insider Trading","Equity","Market Purchase"
"The Anup Engineering","PARU MRUGESH JAYKRISHNA","Directors Immediate Relative","Disposal","2026-08-17","2500","7500","0.01","1871.1","4,677,625","12 Aug 2026  12 Aug 2026","Insider Trading","Equity","Market Sale"
"The Anup Engineering","PARU MRUGESH JAYKRISHNA","Directors Immediate Relative","Disposal","2026-08-17","2720","4780","0.01","1864.8","5,072,338","13 Aug 2026  13 Aug 2026","Insider Trading","Equity","Market Sale"
"The Anup Engineering","PARU MRUGESH JAYKRISHNA","Directors Immediate Relative","Disposal","2026-08-17","4780","0
                
                
                    (0%)","0.02","1849.8","8,842,092","14 Aug 2026  14 Aug 2026","Insider Trading","Equity","Market Sale"
"HCL Technologies","Gaurav Khosla","Designated Person","Acquisition","2026-08-17","6693","7677","0.00","1362.9","9,121,890","13 Aug 2026  13 Aug 2026","Insider Trading","Equity","ESOS"
"HCL Technologies","Krishnamurthy V G","Designated Person","Acquisition","2026-08-17","805","35528","0.00","1362.9","1,097,135","13 Aug 2026  13 Aug 2026","Insider Trading","Equity","ESOS"
"RPP Infra Projects","Ms. N A Yagavi","Promoter Group","Disposal","2026-08-17","1734389","2239283","3.50","58.9","102,228,843","12 Aug 2026  13 Aug 2026","Insider Trading","Equity","Market Sale"
"HCL Technologies","Sachin Bhatnagar","Designated Person","Disposal","2026-08-17","800","716","0.00","1358","1,086,400","12 Aug 2026  12 Aug 2026","Insider Trading","Equity","Market Sale"
"Sumeet Industries","Eagle Fibres Limited","Promoter Group","Acquisition","2026-08-17","1000000","29700000","0.14","14.6","14,640,000","14 Aug 2026  14 Aug 2026","Insider Trading","Equity","Market Purchase"
"HCL Technologies","HCL Technologies Stock Options Trust","Designated Person","Disposal","2026-08-17","20268","7722797","0.00","1362.9","27,623,257","13 Aug 2026  13 Aug 2026","Insider Trading","Equity","ESOS"
"HCL Technologies","Srinivasan Aravamudhan","Designated Person","Acquisition","2026-08-17","2238","2238","0.00","1362.9","3,050,170","13 Aug 2026  13 Aug 2026","Insider Trading","Equity","ESOS"
"Balu Forge","TRIMAAN JASPALSINGH CHANDOCK","Promoter and Director","Acquisition","2026-08-17","1500000","2575900","1.24","360","540,000,000","09 Mar 2026  09 Mar 2026","Insider Trading","Equity","Allotment"
"HCL Technologies","Srivathsa G","Designated Person","Acquisition","2026-08-17","2683","4120","0.00","1362.9","3,656,661","13 Aug 2026  13 Aug 2026","Insider Trading","Equity","ESOS"
"HCL Technologies","Srivathsa G","Designated Person","Acquisition","2026-08-17","470","1437","0.00","1237","581,390","24 Jul 2026  24 Jul 2026","Insider Trading","Equity","ESOS"
"Aayush Art & Bullion","EKLINGJI BROKING LLP","Other","Acquisition","2026-08-17","4000","65000","0.03","1249.5","4,997,976","13 Aug 2026  13 Aug 2026","Insider Trading","Equity","Market Purchase"
"Balu Forge","JAIKARAN JASPALSINGH CHANDOCK","Promoter and Director","Acquisition","2026-08-17","1500000","2510150","1.24","360","540,000,000","06 Mar 2026  06 Mar 2026","Insider Trading","Equity","Allotment"
"Aayush Art & Bullion","EKLINGJI BROKING LLP","Other","Acquisition","2026-08-17","3750","61000","0.02","1246.0","4,672,451","12 Aug 2026  12 Aug 2026","Insider Trading","Equity","Market Purchase"
"Rajesh Power Services","Utsav Nehal Panchal","Promoter and Director","Acquisition","2026-08-17","2000","1507800","0.01","833.8","1,667,511","14 Aug 2026  14 Aug 2026","Insider Trading","Equity","Market Purchase"
"Rajesh Power Services","ANJANABEN PRAFULBHAI PATEL","Promoter Group","Acquisition","2026-08-17","2000","75465","0.01","834.2","1,668,380","14 Aug 2026  14 Aug 2026","Insider Trading","Equity","Market Purchase"
"Leap","Vertical Holdings II Pte. Ltd","Promoter","Disposal","2026-08-17","125699559","154687377","28.53","159","19,986,229,881","12 Aug 2026  12 Aug 2026","Insider Trading","Equity","Others"
"Leap","KIA EBT Scheme 3 (through Catalyst Trusteeship limited)","Promoter Group","Disposal","2026-08-17","86603","122729","0.02","159","13,769,877","12 Aug 2026  12 Aug 2026","Insider Trading","Equity","Others"
"Happy Square Outsourcing","Mr. Lalit Dua","","Sale","2026-08-17","57600","971330","-","","-","07 Aug 2026  07 Aug 2026","SAST (Reg29(2))","Equity shares","Open Market"
"Milton Industries","Babita Jain","Promoter","Sale","2026-08-17","440000","261479","-","","-","04 Aug 2026  04 Aug 2026","SAST (Reg29(2))","Equity shares","Others"
"Magson Retail ","Manish Shivnarayan Pancholi","Promoter","Sale","2026-08-17","100000","361100","-","","-","06 Aug 2026  06 Aug 2026","SAST (Reg29(2))","Equity shares","Open Market"
"Dollex Agrotech","Mrs. Munni Khan","Promoter","Sale","2026-08-17","348000","6652000","-","","-","07 Aug 2026  10 Aug 2026","SAST (Reg29(2))","Equity shares","Others"
"Thyrocare Tech","Docon Technologies Private Limited","Promoter","Pledge","2026-08-17","17500000","79469696","-","","-","11 Aug 2026  11 Aug 2026","SAST (Reg31)","-","Release"
"Ganga Forging","Pine Oak Global Fund","","Sale","2026-08-17","12216663","20774509","-","","-","04 Aug 2026  06 Aug 2026","SAST (Reg29(2))","Equity shares","Open Market"
"IRIS Clothings","Stellar IR Advisors Private Limited","","Both","2026-08-17","3600000","25541171","-","","-","29 Jul 2025  11 Aug 2026","SAST (Reg29(2))","Equity shares","Open Market"
"Mach Travel Solutions","Adit Bhatia (Revised)","Promoter and Director","Acquisition","2026-08-17","11400","101600","0.05","183.7","2,094,570","17 Aug 2026  17 Aug 2026","Insider Trading","Equity","Market Purchase"
"Fischer Medical","Shankar Varadharajan","Promoter","Acquisition","2026-08-17","6000000","86001530","0.89","23.4","140,400,000","14 Aug 2026  14 Aug 2026","Insider Trading","Equity","Conversion of security"
"Jubilant Ingrevia","Jubilant Ingrevia Employees Welfare Trust","Trust","Disposal","2026-08-17","13146","1542244","0.01","738","9,701,748","14 Aug 2026  14 Aug 2026","Insider Trading","Equity","ESOP"
"Fischer Medical","FMV Holdings Pte Ltd","Promoter","Acquisition","2026-08-17","7335909","354306910","1.09","23.4","171,660,271","14 Aug 2026  14 Aug 2026","Insider Trading","Equity","Conversion of security"
"Ponni Sugars Erode","Seshasayee Paper and Boards Limited","Promoter","Acquisition","2026-08-17","290000","3071362","3.37","350.0","101,498,680","17 Aug 2026  17 Aug 2026","Insider Trading","Equity","Market Purchase"
"Disha Resources","Krishna Awtar Kabra","Promoter","Disposal","2026-08-17","61000","38690","0.83","28.2","1,718,955","14 Aug 2026  14 Aug 2026","Insider Trading","Equity","Market Sale"
"Disha Resources","Krishna Awtar Kabra","Promoter","Disposal","2026-08-17","115009","99690","1.57","26.7","3,072,845","12 Aug 2026  12 Aug 2026","Insider Trading","Equity","Market Sale"
"Mach Travel Solutions","Amit Bhatia","Promoter and Director","Acquisition","2026-08-17","11400","14112200","0.05","183.7","2,094,570","17 Aug 2026  17 Aug 2026","Insider Trading","Equity","Market Purchase"
"Disha Resources","Mayadevi Krishnavtar Kabra","Promoter","Disposal","2026-08-17","420000","174448","5.74","28.1","11,789,400","13 Aug 2026  13 Aug 2026","Insider Trading","Equity","Market Sale"
"Samkrg Pistons ","SARIPALLI KISHORE","Promoter and Director","Acquisition","2026-08-17","2303531","2950686","23.46","10","23,035,310","14 Aug 2026  14 Aug 2026","Insider Trading","Equity","Inter-se-Transfer"
"Milkfood","J HOUSING PRIVATE LIMITED","Promoter Group","Acquisition","2026-08-17","30000","30000","0.12","81.9","2,457,900","13 Aug 2026  14 Aug 2026","Insider Trading","Equity","Market Purchase"
"Homes","Isisales India Pvt Ltd","Promoter Group","Disposal","2026-08-17","78209","7745476","0.02","26.8","2,096,000","12 Aug 2026  12 Aug 2026","Insider Trading","Equity","Off Market"
"NIIT Learning ","Devenderjit Singh Chadha","Designated Person","Acquisition","2026-08-17","25000","71528","0.02","56.5","1,413,000","12 Aug 2026  12 Aug 2026","Insider Trading","Equity","ESOP"
"NIIT Learning ","Sailesh Kumar Lalla","Designated Person","Acquisition","2026-08-17","105000","516236","0.08","54.5","5,724,200","12 Aug 2026  12 Aug 2026","Insider Trading","Equity","ESOP"
"V-Guard Industries","PRIYA SARAH CHEERAN JOSEPH","Other","Disposal","2026-08-17","481947","9993261","0.11","333.1","160,522,087","13 Aug 2026  13 Aug 2026","Insider Trading","Equity","Market Sale"
"V-Guard Industries","PRIYA SARAH CHEERAN JOSEPH","Other","Disposal","2026-08-17","100000","9893261","0.02","330.4","33,043,000","14 Aug 2026  14 Aug 2026","Insider Trading","Equity","Market Sale"
"Ester Industries","Modi Rubber Limited","Promoter Group","Disposal","2026-08-17","17000","2612019","0.02","102.5","1,742,500","14 Aug 2026  14 Aug 2026","Insider Trading","Equity","Market Sale"
"Magson Retail ","Manish Shivnarayan Pancholi","Promoter","Sale","2026-08-15","101000","461100","-","","-","03 Aug 2026  03 Aug 2026","SAST (Reg29(2))","Equity shares","Open Market"
"SAR Auto Products","SHREYAS RAMESHBHAI VIRANI","Promoter and Director","Disposal","2026-08-15","2778","1299315","0.06","3617.8","10,050,387","14 Aug 2026  14 Aug 2026","Insider Trading","Equity","Market Sale"
"Bluestone Jewellery","Rumit Dugar","KMP","-","2026-08-14","70000","118576","0.05","0","0","13 Aug 2026  13 Aug 2026","Insider Trading","Equity","Off Market"
"Bluestone Jewellery","SUDEEP NAGAR","Designated Person","-","2026-08-14","110000","327768","0.07","0","0","13 Aug 2026  13 Aug 2026","Insider Trading","Equity","Off Market"
"Sonata Software","Sonata Software Limited Employee Welfare Trust","Trust","Acquisition","2026-08-14","24712","3691953","0.01","324.2","8,010,804","13 Aug 2026  14 Aug 2026","Insider Trading","Equity","Market Purchase"
"Sonata Software","Sonata Software Limited Employee Welfare Trust","Trust","Acquisition","2026-08-14","36894","3667241","0.01","325.0","11,989,167","10 Aug 2026  12 Aug 2026","Insider Trading","Equity","Market Purchase"
"Info Edge","Nita Goyal","Other","Disposal","2026-08-14","45000","359060","0.01","1353.0","60,886,302","13 Aug 2026  13 Aug 2026","Insider Trading","Equity","Market Sale"
"Sayaji Hotels Pune","Zoya Dhanani","Promoter","Disposal","2026-08-14","126601","0
                
                
                    (0%)","4.16","849","107,484,249","14 Aug 2026  14 Aug 2026","Insider Trading","Equity","Market Sale"
"eClerx Services","Eclerx Employee Welfare","Trust","Acquisition","2026-08-14","10263","2095403","0.01","1846.1","18,946,035","13 Aug 2026  13 Aug 2026","Insider Trading","Equity","Market Purchase"
"eClerx Services","Eclerx Employee Welfare","Trust","Acquisition","2026-08-14","10000","2105403","0.01","1894.3","18,943,486","14 Aug 2026  14 Aug 2026","Insider Trading","Equity","Market Purchase"
"Info Edge","Pawan Goyal","Other","Disposal","2026-08-14","10000","33961","0.00","1340","13,400,000","13 Aug 2026  13 Aug 2026","Insider Trading","Equity","Market Sale"
"Info Edge","Pawan Goyal","Other","Disposal","2026-08-14","33961","0
                
                
                    (0%)","0.01","1348.4","45,792,000","13 Aug 2026  13 Aug 2026","Insider Trading","Equity","Market Sale"
"Info Edge","Shail Gaurav","Designated Person","Disposal","2026-08-14","1980","0
                
                
                    (0%)","0.00","1356.5","2,685,860","13 Aug 2026  13 Aug 2026","Insider Trading","Equity","Market Sale"
"Sayaji Hotels Pune","Zuber Yusuf Dhanani","Promoter and Director","Acquisition","2026-08-14","150101","150101","4.93","849","127,435,749","14 Aug 2026  14 Aug 2026","Insider Trading","Equity","Market Purchase"
"Zee Entertainment","Shreyasi Goenka","Immediate Relative","Acquisition","2026-08-14","1000000","6942048","0.10","103.3","103,305,600","14 Aug 2026  14 Aug 2026","Insider Trading","Equity","Market Purchase"
"Vishnu Prakash R Punglia","Vijay Punglia","Promoter Group","Invoke","2026-08-14","700000","3115000","0.56","32.9","23,030,000","13 Aug 2026  13 Aug 2026","Insider Trading","Equity","Invocation of pledge"
"Refex Renewables","Avyan Pashupathy Capital Advisors Private Limited","Promoter","Disposal","2026-08-14","1391869","0
                
                
                    (0%)","30.95","142.5","198,303,690","14 Aug 2026  14 Aug 2026","Insider Trading","Equity","Inter-se-Transfer"
"Sayaji Hotels Pune","Sanya Dhanani","Promoter","Disposal","2026-08-14","23400","103201","0.77","849","19,866,600","14 Aug 2026  14 Aug 2026","Insider Trading","Equity","Market Sale"
"Refex Renewables","Refex Holding Private Limited","Promoter","Acquisition","2026-08-14","1391869","3367425","30.95","142.5","198,303,690","14 Aug 2026  14 Aug 2026","Insider Trading","Equity","Inter-se-Transfer"
"Info Edge","Sumit Kumar Jaiswal","Designated Person","Disposal","2026-08-14","1600","0
                
                
                    (0%)","0.00","1350","2,160,000","13 Aug 2026  13 Aug 2026","Insider Trading","Equity","Market Sale"
"JSW Steel","JSW Steel Employees Welfare Trust – JSWSL OPJ Samruddhi Plan 2021 A/c","Other","Disposal","2026-08-14","3832","4385505","0.00","1269.8","4,865,975","12 Aug 2026  12 Aug 2026","Insider Trading","Equity","Market Sale"
"JSW Steel","JSW Steel Employees Welfare Trust – JSWSL OPJ Samruddhi Plan 2021 A/c","Other","Disposal","2026-08-14","27365","4398273","0.00","1277.2","34,950,865","11 Aug 2026  11 Aug 2026","Insider Trading","Equity","Market Sale"
"Arvind Fashions","AFL ESOP TRUST","Designated Person","Acquisition","2026-08-14","30000","197960","0.02","265.6","7,967,350","14 Aug 2026  14 Aug 2026","Insider Trading","Equity","ESOP"
"JSW Steel","JSW Steel Employees Welfare Trust – JSWSL OPJ Samruddhi Plan 2021 A/c","Other","Disposal","2026-08-14","14615","4328920","0.00","1","14,615","12 Aug 2026  12 Aug 2026","Insider Trading","Equity","Off Market"
"Mindspace REIT","Vinod Rohira","Director","Acquisition","2026-08-14","25000","84600","0.00","496.7","12,417,031","10 Aug 2026  10 Aug 2026","Insider Trading","Any other instrument","Market Purchase"
"JSW Steel","JSW Steel Employees Welfare Trust – JSWSL OPJ Samruddhi Plan 2021 A/c","Other","Disposal","2026-08-14","55528","4266261","0.00","1","55,528","13 Aug 2026  13 Aug 2026","Insider Trading","Equity","Off Market"
"JSW Steel","JSW Steel Employees Welfare Trust – JSWSL OPJ Samruddhi Plan 2021 A/c","Other","Disposal","2026-08-14","2474","4321789","0.00","1271","3,144,454","13 Aug 2026  13 Aug 2026","Insider Trading","Equity","Market Sale"
"Trident Texofab","HARDIK DESAI FAMILY TRUST","Promoter Group","Acquisition","2026-08-14","39158","979267","0.26","22.2","870,506","13 Aug 2026  13 Aug 2026","Insider Trading","Equity","Market Purchase"
"JSW Steel","JSW Steel Employees Welfare Trust – OPJ ESOP Plan 2021 A/c","Other","Disposal","2026-08-14","4657","4324263","0.00","1271.1","5,919,446","13 Aug 2026  13 Aug 2026","Insider Trading","Equity","Market Sale"
"Avenue Supermarts","Bhaskaran N","Director","Disposal","2026-08-14","500","756500","0.00","4060","2,030,000","13 Aug 2026  13 Aug 2026","Insider Trading","Equity","Market Sale"
"JSW Steel","JSW Steel Employees Welfare Trust – OPJ ESOP Plan 2021 A/c","Other","Disposal","2026-08-14","41970","4343535","0.00","1","41,970","12 Aug 2026  12 Aug 2026","Insider Trading","Equity","Off Market"
"JSW Steel","JSW Steel Employees Welfare Trust – OPJ ESOP Plan 2021 A/c","Other","Disposal","2026-08-14","3334","4389337","0.00","1271.2","4,238,084","12 Aug 2026  12 Aug 2026","Insider Trading","Equity","Market Sale"
"Avenue Supermarts","Gorakh Sakharam Khilari","Designated Person","Invoke","2026-08-14","3500","48701","0.00","4022.2","14,077,805","13 Aug 2026  13 Aug 2026","Insider Trading","Equity","Invocation of pledge"
"JSW Steel","JSW Steel Employees Welfare Trust – OPJ ESOP Plan 2021 A/c","Other","Disposal","2026-08-14","24573","4425638","0.00","1278.1","31,406,134","11 Aug 2026  11 Aug 2026","Insider Trading","Equity","Market Sale"
"Retaggio Industries","Retaggio Trading Services LLP","Promoter","Acquisition","2026-08-14","120000","6162000","0.65","19.5","2,340,000","13 Aug 2026  13 Aug 2026","Insider Trading","Equity","Conversion of security"
"Tata Consumer ","Tarun Varma","Designated Person","Acquisition","2026-08-14","8819","9579","0.00","1081.5","9,537,749","13 Aug 2026  13 Aug 2026","Insider Trading","Equity","ESOP"
"Retaggio Industries","Retaggio Ventures LLP","Promoter Group","Acquisition","2026-08-14","560000","1000000","3.04","19.5","10,920,000","13 Aug 2026  13 Aug 2026","Insider Trading","Equity","Conversion of security"
"Infosys","Infosys Employee Benefits Trust","Trust","Disposal","2026-08-14","7460","7924254","0.00","1175","8,765,500","13 Aug 2026  13 Aug 2026","Insider Trading","Equity","Off Market"
"Berger Paints","Kaushik Sarkar","Designated Person","Disposal","2026-08-14","731","7000","0.00","560","409,360","14 Aug 2026  14 Aug 2026","Insider Trading","Equity","Market Sale"
"Sugs Lloyd","SANTOSH KUMAR SHAH","Promoter and Director","Acquisition","2026-08-14","6000","163000","0.03","165.4","992,289","12 Aug 2026  12 Aug 2026","Insider Trading","Equity","Market Purchase"
"Sacheta Metals","PRANAV SATISHKUMAR SHAH","Promoter Group","Acquisition","2026-08-14","6000","11466670","0.00","3.8","22,740","13 Aug 2026  13 Aug 2026","Insider Trading","Equity","Market Purchase"
"Nalin Lease Finance","Nplus Consultants Pvt Ltd","Promoter","Acquisition","2026-08-14","66000","336073","1","","-","29 Jul 2026  29 Jul 2026","SAST (29(2))","-","Market"
"Purple Wave Infocom","Yash Patel & Others","Other","Acquisition","2026-08-14","1438000","1685000","15.55","","-","29 Jul 2026  29 Jul 2026","SAST (29(1))","-","Market"
"Adishakti Loha & Ispat","Pawan Kumar Mittal & Rukmani Devi Mittal","Promoter","Disposal","2026-08-14","220000","2058000","1.75","","-","23 Jun 2026  28 Jul 2026","SAST (29(2))","-","Market"
"Adishakti Loha & Ispat","Pine View Portfolio Consultants Pvt Ltd","Other","Disposal","2026-08-14","320000","1360000","2.55","","-","17 Jun 2026  22 Jun 2026","SAST (29(2))","-","Market"
"Adishakti Loha & Ispat","Pine View Portfolio Consultants Pvt Ltd","Other","Disposal","2026-08-14","310000","1050000","2.46","","-","24 Jun 2026  03 Jul 2026","SAST (29(2))","-","Market"
"Nalin Lease Finance","Dilipkumar Gandhi","Promoter","Disposal","2026-08-14","66000","2711970","1","","-","29 Jul 2026  29 Jul 2026","SAST (29(2))","-","Market"
"Maxgrow","Sadhana Uday Chourasia & Other","Other","Disposal","2026-08-14","1125513","35950559","2.82","","-","28 Jul 2026  28 Jul 2026","SAST (29(2))","-","Off Market Transfer"
"GAMCO","Rashi Goenka","Promoter","Acquisition","2026-08-14","39706","1535539","0.07","","-","24 Jul 2026  28 Jul 2026","SAST (29(2))","-","Market"
"Adishakti Loha & Ispat","Pine View Portfolio Consultants Pvt Ltd","Other","Disposal","2026-08-14","540000","510000","4.29","","-","27 Jul 2026  28 Jul 2026","SAST (29(2))","-","Market"
"Plastiblends","Varun Kabra & Jyoti Kabra","Promoter","Acquisition","2026-08-14","2302084","-","8.85","","-","01 Jan 1900  01 Jan 1900","SAST (10(5))","-","None"
"Adishakti Loha & Ispat","Pine View Portfolio Consultants Pvt Ltd","Other","Disposal","2026-08-14","300000","1700000","2.38","","-","15 Jun 2026  16 Jun 2026","SAST (29(2))","-","Market"
"L T Elevator","Bandhan Small Cap Fund","Other","Acquisition","2026-08-14","1080000","1080000","5.08","","-","27 Jul 2026  27 Jul 2026","SAST (29(1))","-","Pref. Allotment"
"Purple Agrotech Industries","Sanjeev Lunkad & PACs","Other","Acquisition","2026-08-14","7500","732858","0.09","","-","15 Jul 2026  15 Jul 2026","SAST (29(1))","-","Market"
"GAMCO","Raj Goenka","Promoter","Acquisition","2026-08-14","10000","1314966","0.01","","-","27 Jul 2026  28 Jul 2026","SAST (29(2))","-","Market"
"Goldline Pharmaceutical","Prashant Shrikrishna Karkare","Other","Acquisition","2026-08-14","27000","27003","0.28","","-","28 Jul 2026  28 Jul 2026","SAST (29(2))","-","Market"
"Newjaisa Tech","Mukunda Raghavendra","Promoter","Sale","2026-08-14","666000","450062","-","","-","13 Dec 2024  04 Aug 2026","SAST (Reg29(2))","Equity shares","Open Market"
"Newjaisa Tech","Vishesh Handa","Promoter","Sale","2026-08-14","693000","21626752","-","","-","26 Nov 2024  05 Jan 2026","SAST (Reg29(2))","Equity shares","Open Market"
"Jalan Transolutions","Mr. Manish Jalan","Promoter","Sale","2026-08-14","600000","1211130","-","","-","07 Aug 2026  07 Aug 2026","SAST (Reg29(2))","Equity shares","Open Market"
"Shaily Engineering ","Prajapati Himanshu S","Designated Person","Disposal","2026-08-14","600","1050","0.00","3450","2,070,000","12 Aug 2026  12 Aug 2026","Insider Trading","Equity","Market Sale"
"Shaily Engineering ","Jignesh Manubhai Shah","Designated Person","Disposal","2026-08-14","400","4474","0.00","3524.8","1,409,914","11 Aug 2026  11 Aug 2026","Insider Trading","Equity","Market Sale"
"Mapro Industries","Nitinkumar Dindayal Didwania","Other","Disposal","2026-08-14","325000","79000","3.87","","-","09 Jul 2026  09 Jul 2026","SAST (29(2))","-","Market"
"Purple Agrotech Industries","Sanjeev Lunkad & PACs","Other","Acquisition","2026-08-14","7500","432858","0.09","","-","15 Jul 2026  15 Jul 2026","SAST (29(1))","-","Market"
"Tenneco Clean Air","Tenneco (Mauritius) Limited","Promoter","Disposal","2026-08-14","9967910","16766351","2.47","525","5,233,152,750","12 Aug 2026  12 Aug 2026","Insider Trading","Equity","Market Sale"
"Smiths & Founders","Hema Sathish","Immediate Relative","Disposal","2026-08-14","71804","5019648","0.07","14.5","1,040,388","31 Jul 2026  12 Aug 2026","Insider Trading","Equity","Market Sale"
"Tenneco Clean Air","Tenneco Mauritius Holdings Limited","Promoter","Disposal","2026-08-14","50572736","192472689","12.53","525.3","26,567,438,894","12 Aug 2026  12 Aug 2026","Insider Trading","Equity","Market Sale"
"Suditi Industries","TANAY PAWAN AGARWAL","Promoter Group","Acquisition","2026-08-14","1500000","3035000","3.02","20.6","30,937,500","10 Aug 2026  10 Aug 2026","Insider Trading","Equity","Preferential Offer"
"Suditi Industries","PAWAN AGARWAL","Promoter Group","Acquisition","2026-08-14","3000000","15813398","6.05","20.6","61,875,000","10 Aug 2026  10 Aug 2026","Insider Trading","Equity","Preferential Offer"
"Healthcare Global","Sunu Manuel","KMP","Revoke","2026-08-14","38799","64849","0.03","721.4","27,989,599","13 Aug 2026  13 Aug 2026","Insider Trading","Equity","None"
"Kovai Medical Center","Palaniswami N","Promoter and Director","Acquisition","2026-08-14","1259725","1269725","11.51","0","0","11 Aug 2026  12 Aug 2026","Insider Trading","Equity","Inheritance"
"Affle 3I","Affle (India) Limited Employees Welfare Trust","Trust","Disposal","2026-08-14","5393","234118","0.00","1655.2","8,926,456","13 Aug 2026  13 Aug 2026","Insider Trading","Equity","ESOP"
"Affle 3I","Affle (India) Limited Employees Welfare Trust","Trust","Disposal","2026-08-14","8930","246119","0.01","1671.1","14,923,066","12 Aug 2026  12 Aug 2026","Insider Trading","Equity","ESOP"
"NCL Industries","Kalidindi Ravi","Promoter and Director","Acquisition","2026-08-14","1698","3259403","0.00","173.5","294,552","13 Aug 2026  13 Aug 2026","Insider Trading","Equity","Market Purchase"
"Affle 3I","Affle (India) Limited Employees Welfare Trust","Trust","Disposal","2026-08-14","6608","239511","0.00","1050","6,938,400","12 Aug 2026  12 Aug 2026","Insider Trading","Equity","ESOP"
"DEE Development","Krishan Lalit Bansal","Promoter and Director","Acquisition","2026-08-13","398406","35598772","0.53","0.0","4","29 Jul 2026  29 Jul 2026","Insider Trading","Equity","Allotment"
"Fischer Medical","Shankar Varadharajan","Promoter","Acquisition","2026-08-13","1500000","80001530","0.23","23.4","35,100,000","13 Aug 2026  13 Aug 2026","Insider Trading","Equity","Conversion of security"
"T T","T. T. BRANDS LIMITED","Promoter Group","Acquisition","2026-08-13","77385","89038707","0.03","6.0","466,963","12 Aug 2026  13 Aug 2026","Insider Trading","Equity","Market Purchase"
"KPIT Technologies","KPIT Technologies Limited Employees Welfare Trust","Other","Disposal","2026-08-13","18220","1681747","0.01","10","182,200","10 Aug 2026  10 Aug 2026","Insider Trading","Equity","ESOP"
"Dr. Lal Pathlabs","Abhishek Aggarwal","Designated Person","Disposal","2026-08-13","1000","0
                
                
                    (0%)","0.00","1972.6","1,972,620","12 Aug 2026  12 Aug 2026","Insider Trading","Equity","Market Sale"
"SAR Auto Products","SHREYAS RAMESHBHAI VIRANI","Promoter and Director","Disposal","2026-08-13","2490","1302093","0.05","4008.7","9,981,760","12 Aug 2026  12 Aug 2026","Insider Trading","Equity","Market Sale"
"Fischer Medical","FMV Holdings Pte Ltd","Promoter","Acquisition","2026-08-13","9778217","346971001","1.50","23.4","228,810,278","13 Aug 2026  13 Aug 2026","Insider Trading","Equity","Conversion of security"
"Bluestone Jewellery","Gaurav Singh","Director","-","2026-08-13","5016087","24465127","3.28","0","0","12 Aug 2026  12 Aug 2026","Insider Trading","Equity","Pledge Creation"
"T T","SANJAY KUMAR JAIN","Promoter Group","Acquisition","2026-08-13","14202","6091548","0.01","5.9","83,648","12 Aug 2026  12 Aug 2026","Insider Trading","Equity","Market Purchase"
"Bluestone Jewellery","Jayesh Saraf","Designated Person","Disposal","2026-08-13","1000","353","0.00","871.5","871,540","12 Aug 2026  12 Aug 2026","Insider Trading","Equity","Market Sale"
"Dr. Lal Pathlabs","Manoj Kumar Garg","Designated Person","Disposal","2026-08-13","500","53400","0.00","1950","975,000","04 Aug 2026  04 Aug 2026","Insider Trading","Equity","Market Sale"
"Sterlite Tech","Navin Agarwal","Promoter Group","Disposal","2026-08-13","2500","146945","0.00","682","1,705,000","13 Aug 2026  13 Aug 2026","Insider Trading","Equity","Market Sale"
"Metropolis Healthcare","Duru Shah Family Trust","Promoter Group","Disposal","2026-08-13","1050000","21868740","0.51","564","592,200,000","11 Aug 2026  11 Aug 2026","Insider Trading","Equity","Market Sale"
"Dr. Lal Pathlabs","Dr. Lal PathLabs Employee Welfare Trust","Other","Disposal","2026-08-13","8590","757208","0.01","984.8","8,459,559","11 Aug 2026  12 Aug 2026","Insider Trading","Equity","ESOP"
"Dr. Lal Pathlabs","Manoj Kumar Garg","Designated Person","Acquisition","2026-08-13","3000","56400","0.00","965.0","2,895,090","12 Aug 2026  12 Aug 2026","Insider Trading","Equity","ESOP"
"Callista Industries","Sanjay Kumar Rameshbhai Bhalani","Promoter","Disposal","2026-08-13","388940","0
                
                
                    (0%)","4.55","0","0","10 Aug 2026  10 Aug 2026","Insider Trading","Equity","Off Market"
"Hi-Tech Pipes","VIPUL BANSAL","Promoter Group","Acquisition","2026-08-13","2000000","2000000","0.98","25","50,000,000","07 Aug 2026  07 Aug 2026","Insider Trading","Warrant","Preferential Offer"
"Callista Industries","Jignesh B Rajpara","Promoter","Disposal","2026-08-13","288261","100000","3.37","0","0","10 Aug 2026  10 Aug 2026","Insider Trading","Equity","Off Market"
"Hi-Tech Pipes","HI-TECH AGROVISION PRIVATE LIMITED","Promoter Group","Acquisition","2026-08-13","3000000","3000000","1.48","25","75,000,000","07 Aug 2026  07 Aug 2026","Insider Trading","Warrant","Preferential Offer"
"Dr. Lal Pathlabs","Abhishek Aggarwal","Designated Person","Acquisition","2026-08-13","1000","1000","0.00","1425.7","1,425,720","11 Aug 2026  11 Aug 2026","Insider Trading","Equity","ESOP"
"Dr. Lal Pathlabs","Amit Aggarwal","Designated Person","Disposal","2026-08-13","1700","0
                
                
                    (0%)","0.00","1974.5","3,356,600","12 Aug 2026  13 Aug 2026","Insider Trading","Equity","Market Sale"
"Hi-Tech Pipes","AKS BUILDCON PRIVATE LIMITED","Promoter Group","Acquisition","2026-08-13","4000000","4000000","1.97","25","100,000,000","07 Aug 2026  07 Aug 2026","Insider Trading","Warrant","Preferential Offer"
"KPIT Technologies","KPIT Technologies Limited Employees Welfare Trust","Other","Disposal","2026-08-13","20580","1661167","0.01","10","205,800","10 Aug 2026  10 Aug 2026","Insider Trading","Equity","ESOP"
"Metropolis Healthcare","Metz Advisory LLP","Promoter","Disposal","2026-08-13","1050000","61714864","0.51","564","592,200,000","11 Aug 2026  11 Aug 2026","Insider Trading","Equity","Market Sale"
"Bluestone Jewellery","Gaurav Singh","Director","Revoke","2026-08-13","5016087","24465127","3.28","0","0","12 Aug 2026  12 Aug 2026","Insider Trading","Equity","None"
"Dr. Lal Pathlabs","Amit Aggarwal","Designated Person","Acquisition","2026-08-13","1700","1700","0.00","1101.1","1,871,820","11 Aug 2026  11 Aug 2026","Insider Trading","Equity","ESOP"
"Thyrocare Tech","Docon Technologies Private Limited","Promoter","Disposal","2026-08-13","2601039","81200000","1.63","625.9","1,628,065,198","13 Aug 2026  13 Aug 2026","Insider Trading","Equity","Market Sale"
"Three M Paper Boards","HITENDRA DHANJI SHAH","Promoter and Director","Acquisition","2026-08-13","2000","9152760","0.01","24","48,000","13 Aug 2026  13 Aug 2026","Insider Trading","Equity","Market Purchase"
"Thyrocare Tech","Docon Technologies Private Limited","Promoter","Disposal","2026-08-13","13168657","83801039","8.27","618.9","8,150,539,280","13 Aug 2026  13 Aug 2026","Insider Trading","Equity","Block Deal"
"Thyrocare Tech","Docon Technologies Private Limited","Promoter","-","2026-08-13","17500000","96969696","10.99","622.1","10,886,750,000","11 Aug 2026  11 Aug 2026","Insider Trading","Equity","None"
"Zodiac JRD MKJ","Bluerock Infrastructure Solutions LLP","Promoter","Disposal","2026-08-13","50000","658848","0.45","","-","30 Jun 2026  30 Jun 2026","SAST (29(2))","-","Market"
"Westlife Foodworld","Starlight Trust","Promoter","Acquisition","2026-08-13","2974065","87946083","1.91","","-","28 Jul 2026  28 Jul 2026","SAST (29(2))","-","Off Market / Inter se transfer"
"KEI Industries","Kishore Kunal","KMP","Disposal","2026-08-13","500","41467","0.00","5631.9","2,815,958","10 Aug 2026  10 Aug 2026","Insider Trading","Equity","Market Sale"
"RPP Infra Projects","Mr. P Arul Sundaram","Promoter and Director","Disposal","2026-08-13","359837","5608000","0.73","59.2","21,305,949","11 Aug 2026  12 Aug 2026","Insider Trading","Equity","Market Sale"
"RPP Infra Projects","Ms. A Nithya","Promoter and Director","Disposal","2026-08-13","1092242","2627427","2.20","58.5","63,915,013","11 Aug 2026  12 Aug 2026","Insider Trading","Equity","Market Sale"
"KEI Industries","Kishore Kunal","KMP","Disposal","2026-08-13","1000","40467","0.00","5671.8","5,671,840","12 Aug 2026  12 Aug 2026","Insider Trading","Equity","Market Sale"
"Newjaisa Tech","Mukunda Raghavendra","Promoter","Sale","2026-08-13","666000","450062","-","","-","04 Aug 2026  04 Aug 2026","SAST (Reg29(2))","Equity shares","Open Market"
"Newjaisa Tech","Vishesh Handa","Promoter","Sale","2026-08-13","693000","21626752","-","","-","05 Jan 2026  05 Jan 2026","SAST (Reg29(2))","Equity shares","Open Market"
"Omfurn","Mr. Mahendra Chitbahal Vishwakarma","Promoter","Acquisition","2026-08-13","6000","1724400","-","","-","07 Aug 2026  07 Aug 2026","SAST (Reg29(2))","Equity shares","Open Market"
"Sacheta Metals","PRANAV SATISHKUMAR SHAH","Promoter Group","Acquisition","2026-08-13","18500","11460670","0.01","3.8","70,485","12 Aug 2026  12 Aug 2026","Insider Trading","Equity","Market Purchase"
"Sri Lotus Developers","Saurabh Gupta","Employee","Disposal","2026-08-13","1728","0
                
                
                    (0%)","0.00","170","293,760","11 Aug 2026  11 Aug 2026","Insider Trading","Equity","Market Sale"
"Waaree Energies","C T Doshi Family Trust","Promoter","Acquisition","2026-08-13","126982903","-","44.14","","-","16 Jul 2026  16 Jul 2026","SAST (10(5))","-","None"
"Vishal Mega Mart","Kotak Mahindra Mutual Fund","Other","Acquisition","2026-08-13","1554062","234305556","0.03","","-","01 Jul 2026  01 Jul 2026","SAST (29(1))","-","Market"
"Waaree Energies","C. T. Doshi Family Trust","Other","Acquisition","2026-08-13","126982903","-","44.14","","-","16 Jul 2026  16 Jul 2026","SAST (10(6))","-","-"
"Waaree Energies","Chimanlal Tribhuvandas Doshi","Promoter","Disposal","2026-08-13","126982903","4690309","44.14","","-","16 Jul 2026  16 Jul 2026","SAST (29(2))","-","Off Market Transfer"
"Waaree Energies","C. T. Doshi Family Trust","Promoter","Acquisition","2026-08-13","126982903","126982903","44.14","","-","16 Jul 2026  16 Jul 2026","SAST (29(1))","-","Off Market"
"Waaree Energies","C. T. Doshi Family Trust","Promoter","Acquisition","2026-08-13","126982903","126982903","44.14","","-","16 Jul 2026  16 Jul 2026","SAST (29(2))","-","Off Market"
"Kaiser Corporation","Amav Enterprises Private Limited","Promoter","Disposal","2026-08-13","63815","800000","0.12","6.1","387,842","11 Aug 2026  11 Aug 2026","Insider Trading","Equity","Market Sale"
"Kaiser Corporation","Prit Hi –Power Private Limited","Promoter","Disposal","2026-08-13","511544","331056","0.97","6.1","3,108,956","11 Aug 2026  11 Aug 2026","Insider Trading","Equity","Market Sale"
"Happy Forgings","GURJINDER SINGH","Designated Person","Disposal","2026-08-13","90","5","0.00","1999","179,910","12 Aug 2026  12 Aug 2026","Insider Trading","Equity","Market Sale"
"TruAlt Bioenergy","NIRANI HOLDINGS PRIVATE LIMITED","Promoter Group","Acquisition","2026-08-13","20000","1439136","0.02","467.6","9,351,200","12 Aug 2026  12 Aug 2026","Insider Trading","Equity","Market Purchase"
"Happy Forgings","BAJIRAO PADURANG PATIL","Designated Person","Disposal","2026-08-13","862","18","0.00","1900","1,637,800","10 Aug 2026  10 Aug 2026","Insider Trading","Equity","Market Sale"
"Apcotex Industries","Ankur Girish Choksey","Promoter Group","Acquisition","2026-08-13","500","35000","0.00","598","299,000","12 Aug 2026  12 Aug 2026","Insider Trading","Equity","Market Purchase"
"Kaiser Corporation","Pask Holdings Private Limited","Promoter","Disposal","2026-08-13","79365","887000","0.15","6.1","482,348","11 Aug 2026  11 Aug 2026","Insider Trading","Equity","Market Sale"
"Apcotex Industries","Aquamarine Trading and Investments Private Limited","Promoter Group","Acquisition","2026-08-13","500","251315","0.00","598","299,000","12 Aug 2026  12 Aug 2026","Insider Trading","Equity","Market Purchase"
"Kaiser Corporation","H L ROCHAT ENGINEERING PVT LTD","Promoter","Disposal","2026-08-13","532157","224421","1.01","6.1","3,234,233","11 Aug 2026  11 Aug 2026","Insider Trading","Equity","Market Sale"
"Kaiser Corporation","Prit Hi –Power Private Limited","Promoter","Disposal","2026-08-13","279076","51980","0.53","6.1","1,693,325","12 Aug 2026  12 Aug 2026","Insider Trading","Equity","Market Sale"
"Happy Forgings","GURJINDER SINGH","Designated Person","Disposal","2026-08-13","515","95","0.00","1961","1,009,915","12 Aug 2026  12 Aug 2026","Insider Trading","Equity","Market Sale"
"Kanpur Plastipack","Shashank Agarwal","Promoter and Director","Acquisition","2026-08-13","27500","2238846","0.11","130","3,575,000","13 Aug 2026  13 Aug 2026","Insider Trading","Equity","Allotment"
"360 One Wam","Samrat Bose","Designated Person","Disposal","2026-08-13","1000","100500","0.00","1171.1","1,171,070","11 Aug 2026  11 Aug 2026","Insider Trading","Equity","Market Sale"
"Kanpur Plastipack","Raghushree Earning Solutions LLP","Promoter Group","Acquisition","2026-08-13","66000","421556","0.27","130","8,580,000","13 Aug 2026  13 Aug 2026","Insider Trading","Equity","Allotment"
"V-Guard Industries","SBI Mutual Fund","None","Disposal","2026-08-13","1239519","30664551","0.28","","-","15 Jul 2026  15 Jul 2026","SAST (29(2))","-","Market"
"Vijaya Diagnostic Centre","abrdn Asia Ltd","Other","Disposal","2026-08-13","133199","3331046","0.12","","-","29 Jun 2026  29 Jun 2026","SAST (29(2))","-","Market"
"Viji Finance","Ashokkumar Jain & PACs","Other","Acquisition","2026-08-13","34000000","34000000","17.75","","-","29 Jun 2026  20 Jul 2026","SAST (29(2))","-","Pref. Allotment"
"V-Guard Industries","SBI Mutual Fund","None","Disposal","2026-08-13","1239519","30664551","0.28","","-","15 Jul 2026  15 Jul 2026","SAST (29(2))","-","Market"
"Vintage Coffee ","Tati Sai Teja & PACs","Promoter","Acquisition","2026-08-13","800000","51279528","0.55","","-","07 Jul 2026  07 Jul 2026","SAST (29(2))","-","Conv. of Warrants"
"Vijaya Diagnostic Centre","HDFC Mutual Fund","Other","Acquisition","2026-08-13","6340","5147641","-","","-","27 Jul 2026  27 Jul 2026","SAST (29(1))","-","Market"
"Vipul","Mohammad Ashraf Qureshi","Other","Acquisition","2026-08-13","4200000","9051300","2.98","","-","15 Jul 2026  15 Jul 2026","SAST (29(1))","-","Market"
"Viji Finance","Ashik D Sanghvi HUF & PACs","Other","Acquisition","2026-08-13","15000000","15000000","7.83","","-","10 Jul 2026  20 Jul 2026","SAST (29(2))","-","Pref. Allotment"
"Viji Finance","Vishw Jayesh Vora & Others","Other","Acquisition","2026-08-13","10500000","11227712","5.10","","-","24 Jul 2026  27 Jul 2026","SAST (29(1))","-","Pref. Allotment"
"Virtuoso Optoelectronics","Malabar India Fund Ltd","Other","Acquisition","2026-08-13","732600","3251923","2.62","","-","21 Jul 2026  21 Jul 2026","SAST (29(1))","-","Conv. of Warrants"
"DMR Engineering","DEEPIKA MITTAL","Promoter Group","Acquisition","2026-08-13","39000","491010","0.38","31.5","1,230,106","10 Aug 2026  11 Aug 2026","Insider Trading","Equity","Market Purchase"
"Berger Paints","Ranjan Banerjee","Designated Person","Disposal","2026-08-13","540","54","0.00","536.0","289,443","11 Aug 2026  11 Aug 2026","Insider Trading","Equity","Market Sale"
"Jindal Saw","Samruddhi Employees Trust","Designated Person","Disposal","2026-08-13","8046","1638285","0.00","35.7","287,242","11 Aug 2026  11 Aug 2026","Insider Trading","Equity","Off Market"
"Sumeet Industries","ROHAN D MODH","Promoter Group","Acquisition","2026-08-13","3950000","103950000","0.57","14.8","58,539,000","12 Aug 2026  12 Aug 2026","Insider Trading","Equity","Market Purchase"
"Disha Resources","Mayadevi Krishnavtar Kabra","Promoter","Disposal","2026-08-13","328000","594448","4.48","25.9","8,505,383","10 Aug 2026  10 Aug 2026","Insider Trading","Equity","Market Sale"
"Sumeet Industries","SUPREME( INDIA ) IMPEX LIMITED","Promoter Group","Acquisition","2026-08-13","3550000","12800000","0.51","14.8","52,611,000","12 Aug 2026  12 Aug 2026","Insider Trading","Equity","Market Purchase"
"Sumeet Industries","Eagle Fibres Limited","Promoter Group","Acquisition","2026-08-13","3700000","28700000","0.53","14.8","54,834,000","12 Aug 2026  12 Aug 2026","Insider Trading","Equity","Market Purchase"
"Sumeet Industries","JPB FIBRES","Promoter Group","Acquisition","2026-08-13","3700000","41750000","0.53","14.8","54,834,000","12 Aug 2026  12 Aug 2026","Insider Trading","Equity","Market Purchase"
"NCC","Sirisha Projects Private Limited","Promoter","Acquisition","2026-08-13","442855","25090948","0.07","146.2","64,733,972","10 Aug 2026  11 Aug 2026","Insider Trading","Equity","Market Purchase"
"Disha Resources","Krishna Awtar Kabra","Promoter","Disposal","2026-08-13","13301","214699","0.18","25.9","344,097","10 Aug 2026  10 Aug 2026","Insider Trading","Equity","Market Sale"
"NCL Industries","Kakatiya Industries Pvt.Ltd","Promoter Group","Acquisition","2026-08-13","1500","635264","0.00","173.7","260,505","12 Aug 2026  12 Aug 2026","Insider Trading","Equity","Market Purchase"
"NCL Industries","Kalidindi Ravi","Promoter and Director","Acquisition","2026-08-13","7394","3257705","0.02","173.6","1,283,377","12 Aug 2026  12 Aug 2026","Insider Trading","Equity","Market Purchase"
"Faze Three","Faze Three Employee Trust","Other","Acquisition","2026-08-13","278840","326918","1.13","10","2,788,400","11 Aug 2026  11 Aug 2026","Insider Trading","Equity","Allotment"
"Divi's Laboratories","Divi Madhusudana Rao","Promoter Group","Disposal","2026-08-13","20000","148090","0.01","8416.1","168,321,848","11 Aug 2026  11 Aug 2026","Insider Trading","Equity","Market Sale"
"Fischer Medical","Shankar Varadharajan","Promoter","Acquisition","2026-08-12","1200000","78501530","0.18","23.4","28,080,000","12 Aug 2026  12 Aug 2026","Insider Trading","Equity","Conversion of security"
"Fischer Medical","FMV Holdings Pte Ltd","Promoter","Acquisition","2026-08-12","5431664","337192784","0.83","23.4","127,100,938","12 Aug 2026  12 Aug 2026","Insider Trading","Equity","Conversion of security"
"HEG","Sandip Somany","Director","Acquisition","2026-08-12","30000","101250","0.02","678.5","20,355,900","11 Aug 2026  11 Aug 2026","Insider Trading","Equity","Market Purchase"
"Healthcare Global","Madan Kumar Sampath","Designated Person","Disposal","2026-08-12","34970","0
                
                
                    (0%)","0.02","719.5","25,159,998","10 Aug 2026  11 Aug 2026","Insider Trading","Equity","Invocation of pledge"
"Vaishno Cement ","Keight Ventures LLP","Other","Disposal","2026-08-12","500000","373500","5.58","","-","13 Jan 2026  13 Jan 2026","SAST (29(2))","-","Market"
"Updater Services","Tangirala Venkata Subbiah Sarma","Promoter","Acquisition","2026-08-12","2344025","2344025","3.50","","-","30 Jun 2026  30 Jun 2026","SAST (29(2))","-","Off Market"
"Uniphos Enterprises","Demuric Holdings Pvt Ltd & PACs","Promoter","Acquisition","2026-08-12","50966612","51383549","73.28","","-","21 Jul 2026  21 Jul 2026","SAST (29(1))","-","Scheme Of Amalgamation"
"Umiya Buildcon","Umiya Holding Pvt Ltd","Promoter","Acquisition","2026-08-12","3100","7204266","0.02","","-","29 Jun 2026  29 Jun 2026","SAST (29(2))","-","Market"
"UPL","Demuric Holdings Pvt Ltd","Promoter","Acquisition","2026-08-12","180764622","185992965","21.41","","-","21 Jul 2026  21 Jul 2026","SAST (29(2))","-","Scheme Of Amalgamation"
"Umiya Tubes","Bhikhaji Chavda","Promoter","Disposal","2026-08-12","25000","332368","0.24","","-","23 Jun 2026  23 Jun 2026","SAST (29(2))","-","Market"
"Updater Services","SIS Ltd","Other","Acquisition","2026-08-12","1447295","4910768","2.16","","-","31 Jul 2026  31 Jul 2026","SAST (29(2))","-","Market"
"Updater Services","SIS Ltd","Other","Acquisition","2026-08-12","196289","3463473","0.29","","-","03 Jul 2026  03 Jul 2026","SAST (29(1))","-","Market"
"Updater Services","Anjan Sarma","Promoter","Disposal","2026-08-12","2344025","-","3.50","","-","30 Jun 2026  30 Jun 2026","SAST (29(2))","-","Off Market"
"Vadilal Industries","Virendrabhai Ramchandra Ghandhi","Promoter","Disposal","2026-08-12","50000","-","33.33","","-","18 Jul 2026  18 Jul 2026","SAST (29(2))","-","Indirect Transfer"
"Vadilal Industries","IVG Trust","Promoter","Acquisition","2026-08-12","50000","50000","33.33","","-","18 Jul 2026  18 Jul 2026","SAST (29(2))","-","IndirectAcquisition"
"Ugro Capital","ACM Global Fund VCC","Other","Disposal","2026-08-12","1590909","7581080","1.02","","-","02 Jul 2026  02 Jul 2026","SAST (29(2))","-","Market"
"Global Longlife Hospital","DHRUV SURESHKUMAR JANI","Promoter and Director","Disposal","2026-08-12","722000","990","6.88","12.6","9,075,030","10 Aug 2026  12 Aug 2026","Insider Trading","Equity","Market Sale"
"Bluestone Jewellery","SANDIP SADEKAR","Designated Person","Invoke","2026-08-12","4215","0
                
                
                    (0%)","0.00","880","3,709,200","05 Aug 2026  05 Aug 2026","Insider Trading","Equity","Market Sale"
"NRB Bearings","Harshbeena Zaveri","Promoter","-","2026-08-12","1200000","40190885","1.24","455.9","547,020,000","11 Aug 2026  11 Aug 2026","Insider Trading","Equity","None"
"Bluestone Jewellery","SANDIP SADEKAR","Designated Person","Disposal","2026-08-12","2788","4215","0.00","870","2,425,560","05 Aug 2026  05 Aug 2026","Insider Trading","Equity","Market Sale"
"GAMCO","RASHI GOENKA","Promoter Group","Acquisition","2026-08-12","15066","1585697","0.03","49.8","749,704","07 Aug 2026  10 Aug 2026","Insider Trading","Equity","Market Purchase"
"Sterlite Tech","Navin Agarwal","Promoter Group","Disposal","2026-08-12","5000","149445","0.00","636","3,180,000","12 Aug 2026  12 Aug 2026","Insider Trading","Equity","Market Sale"
"Fischer Medical","Shankar Varadharajan","Promoter","Acquisition","2026-08-12","1200000","78501530","0.19","23.4","28,080,000","12 Aug 2026  12 Aug 2026","Insider Trading","Equity","Conversion of security"
"eClerx Services","Eclerx Employee Welfare","Trust","Acquisition","2026-08-12","10482","2085140","0.01","1807.6","18,947,756","12 Aug 2026  12 Aug 2026","Insider Trading","Equity","Market Purchase"
"Bluestone Jewellery","Suket Murarka","Designated Person","Disposal","2026-08-12","1090","32160","0.00","862.0","939,526","12 Aug 2026  12 Aug 2026","Insider Trading","Equity","Market Sale"
"Fischer Medical","FMV Holdings Pte Ltd","Promoter","Acquisition","2026-08-12","5431664","337192784","0.84","23.4","127,100,938","12 Aug 2026  12 Aug 2026","Insider Trading","Equity","Conversion of security"
"Bluestone Jewellery","Suket Murarka","Designated Person","Disposal","2026-08-12","7160","25000","0.00","883.0","6,322,480","12 Aug 2026  12 Aug 2026","Insider Trading","Equity","Market Sale"
"Apcotex Industries","Aquamarine Trading and Investments Private Limited","Promoter Group","Acquisition","2026-08-12","500","250815","0.00","615","307,500","11 Aug 2026  11 Aug 2026","Insider Trading","Equity","Market Purchase"
"Avenue Supermarts","Kirit Amratlal Nagda","Designated Person","Disposal","2026-08-12","2100","100400","0.00","4011.9","8,425,000","10 Aug 2026  10 Aug 2026","Insider Trading","Equity","Market Sale"
"Infosys","Infosys Employee Benefits Trust","Trust","Disposal","2026-08-12","1305","7931714","0.00","1183","1,543,815","10 Aug 2026  10 Aug 2026","Insider Trading","Equity","Off Market"
"Avenue Supermarts","Bimal Suresh Desai","Designated Person","Disposal","2026-08-12","200","22100","0.00","4025.4","805,078","10 Aug 2026  10 Aug 2026","Insider Trading","Equity","Market Sale"
"Avenue Supermarts","Swati Tushar Dahibawkar","Designated Person","Disposal","2026-08-12","300","10796","0.00","4050","1,215,000","11 Aug 2026  11 Aug 2026","Insider Trading","Equity","Market Sale"
"Kirloskar Oil Engines","Madankumar Kotragouda Patil","Designated Person","Disposal","2026-08-12","1940","0
                
                
                    (0%)","0.00","2099.4","4,072,855","11 Aug 2026  11 Aug 2026","Insider Trading","Equity","Market Sale"
"Avenue Supermarts","Bimal Suresh Desai","Designated Person","Disposal","2026-08-12","100","22000","0.00","4075","407,500","11 Aug 2026  11 Aug 2026","Insider Trading","Equity","Market Sale"
"Ceat","Employee Welfare Trust","Trust","Acquisition","2026-08-12","15307","139879","0.04","3756.1","57,494,975","07 Aug 2026  10 Aug 2026","Insider Trading","Equity","Market Purchase"
"NCL Industries","VIKRAM CHEMICALS PRIVATE LIMITED","Promoter Group","Acquisition","2026-08-12","3800","17411","0.01","174.3","662,208","10 Aug 2026  11 Aug 2026","Insider Trading","Equity","Market Purchase"
"NCL Industries","Kakatiya Industries Pvt.Ltd","Promoter Group","Acquisition","2026-08-12","7261","633764","0.02","174.6","1,268,058","10 Aug 2026  11 Aug 2026","Insider Trading","Equity","Market Purchase"
"NCL Industries","Kalidindi Ravi","Promoter and Director","Acquisition","2026-08-12","79419","3250311","0.18","175.0","13,900,341","10 Aug 2026  11 Aug 2026","Insider Trading","Equity","Market Purchase"
"Tata Consumer ","Sivakumar Sivasankaran","KMP","Acquisition","2026-08-12","3480","3480","0.00","1107.4","3,853,752","09 Aug 2026  09 Aug 2026","Insider Trading","Equity","ESOP"
"Apcotex Industries","Ankur Girish Choksey","Promoter Group","Acquisition","2026-08-12","500","34500","0.00","618","309,000","11 Aug 2026  11 Aug 2026","Insider Trading","Equity","Market Purchase"
"Tata Consumer ","Gharry Eccles","Designated Person","Acquisition","2026-08-12","25664","25664","0.00","1131.3","29,033,683","07 Aug 2026  07 Aug 2026","Insider Trading","Equity","ESOP"
"Sacheta Metals","PRANAV SATISHKUMAR SHAH","Promoter Group","Acquisition","2026-08-12","37300","11437170","0.03","3.8","141,740","10 Aug 2026  10 Aug 2026","Insider Trading","Equity","Market Purchase"
"Nila Spaces","Kiran B Vadodaria","Promoter","Disposal","2026-08-12","840838","30917262","0.21","12.0","10,123,612","10 Aug 2026  12 Aug 2026","Insider Trading","Equity","Market Sale"
"Indokem","Prism Plantations Pvt Ltd","Promoter Group","Disposal","2026-08-12","217","6168","0.00","650","141,050","12 Aug 2026  12 Aug 2026","Insider Trading","Equity","Market Sale"
"Asahi Songwon Colors","Arjun Gokul Jaykrishna","Promoter and Director","Acquisition","2026-08-12","10000","49950","0.08","338.1","3,381,000","11 Aug 2026  11 Aug 2026","Insider Trading","Equity","Market Purchase"
"Grauer & Weil","Yash More","Promoter Group","Disposal","2026-08-12","9516120","0
                
                
                    (0%)","2.10","0","0","07 Aug 2026  07 Aug 2026","Insider Trading","Equity","Inter-se-Transfer"
"Grauer & Weil","Niraj Kumar More","Promoter and Director","Acquisition","2026-08-12","9516120","45220332","2.10","0","0","07 Aug 2026  07 Aug 2026","Insider Trading","Equity","Inter-se-Transfer"
"Grauer & Weil","Aman More","Promoter Group","Disposal","2026-08-12","9516120","0
                
                
                    (0%)","2.10","0","0","07 Aug 2026  07 Aug 2026","Insider Trading","Equity","Inter-se-Transfer"
"Sangam","Sangam (India) Limited Employees Welfare Trust","Trust","Disposal","2026-08-12","10975","911293","0.02","311.2","3,415,455","07 Aug 2026  10 Aug 2026","Insider Trading","Equity","ESOP"
"Grauer & Weil","Pallavi More","Promoter Group","Acquisition","2026-08-12","9516120","15814938","2.10","0","0","07 Aug 2026  07 Aug 2026","Insider Trading","Equity","Inter-se-Transfer"
"Jubilant Ingrevia","Jubilant Ingrevia Employees Welfare Trust","Trust","Disposal","2026-08-12","9200","1555390","0.01","733.1","6,744,520","11 Aug 2026  11 Aug 2026","Insider Trading","Equity","ESOP"
"Senores Pharmaceuticals","DHANANJAY ASHOKKUMAR BAROT","Promoter Group","Disposal","2026-08-12","30000","282689","0.07","0","0","10 Aug 2026  10 Aug 2026","Insider Trading","Equity","Off Market"
"GNA Axles","MANINDER SINGH SEEHRA","Promoter Group","Disposal","2026-08-12","494966","2029750","1.15","533.8","264,218,999","10 Aug 2026  11 Aug 2026","Insider Trading","Equity","Market Sale"
"Senores Pharmaceuticals","ASHOKKUMAR VIJAYSINH BAROT","Promoter","Acquisition","2026-08-12","30000","3474869","0.07","0","0","10 Aug 2026  10 Aug 2026","Insider Trading","Equity","Off Market"
"HCL Technologies","SHIV KUMAR WALIA","Designated Person","Disposal","2026-08-12","3000","237","0.00","1362.6","4,087,797","07 Aug 2026  11 Aug 2026","Insider Trading","Equity","Market Sale"
"Dalmia Bharat","Shri Brahma Creation Trust","Promoter Group","Disposal","2026-08-12","359710","0
                
                
                    (0%)","0.19","0","0","10 Aug 2026  10 Aug 2026","Insider Trading","Equity","Inter-se-Transfer"
"GNA Axles","HARJINDER KAUR","Promoter Group","Disposal","2026-08-12","224800","283000","0.52","526.1","118,263,543","07 Aug 2026  10 Aug 2026","Insider Trading","Equity","Market Sale"
"Dalmia Bharat","Priyang Dalmia","Promoter Group","Acquisition","2026-08-12","359710","359710","0.19","0","0","10 Aug 2026  10 Aug 2026","Insider Trading","Equity","Inter-se-Transfer"
"TruAlt Bioenergy","NIRANI HOLDINGS PRIVATE LIMITED","Promoter Group","Acquisition","2026-08-12","24200","1419136","0.03","478.4","11,576,796","11 Aug 2026  11 Aug 2026","Insider Trading","Equity","Market Purchase"
"Three M Paper Boards","Hitendra Dhanji Shah","Promoter","Acquisition","2026-08-12","4000","9142760","0.02","","-","01 Jul 2026  01 Jul 2026","SAST (29(2))","-","Market"
"TMT","Yoga Builders Pvt Ltd","Other","Acquisition","2026-08-12","762990","762990","15.40","","-","27 Jul 2026  27 Jul 2026","SAST (29(1))","-","Open Offer"
"Transcorp Intl","Ashok Kumar Agarwal & Others","Promoter","Acquisition","2026-08-12","90000","23271004","0.28","","-","29 Jun 2026  29 Jun 2026","SAST (29(2))","-","Off Market / Inter se transfer"
"Moongipa Cap Fin","Piyush Jain","Promoter","Acquisition","2026-08-12","50000","496110","0.55","0.0","1","11 Aug 2026  11 Aug 2026","Insider Trading","Equity","Market Purchase"
"Techno Electric","Techno Family Welfare Trust","Other","Acquisition","2026-08-12","200000","-","0.17","","-","30 Jun 2026  30 Jun 2026","SAST (10(5))","-","None"
"TeamLease Services","ICICI Prudential Mutual Fund","Other","Disposal","2026-08-12","348176","544399","2.07","","-","19 Feb 2025  23 Jul 2026","SAST (29(2))","-","Market"
"Tejassvi Aaharam","Praanna Natarajan & Others","Other","Acquisition","2026-08-12","42197154","42197155","72.55","","-","20 Jul 2026  20 Jul 2026","SAST (29(1))","-","Pref. Allotment"
"Thirumalai Chemicals","Motilal Oswal Small Cap Fund & Others","Other","Disposal","2026-08-12","151245","5744128","0.12","","-","17 Jul 2026  17 Jul 2026","SAST (29(2))","-","Market"
"Standard Surfactants","Beni Madhav Saurabh Gautam Garg HUF","Promoter Group","Disposal","2026-08-12","16000","16000","0.19","47.6","761,760","02 Jun 2026  02 Jun 2026","Insider Trading","Equity","Market Sale"
"Standard Surfactants","Sudha Garg","Promoter Group","Disposal","2026-08-12","40000","0
                
                
                    (0%)","0.48","47.3","1,892,000","12 Jun 2026  12 Jun 2026","Insider Trading","Equity","Market Sale"
"Standard Surfactants","Beni Madhav Sudha Garg HUF","Promoter Group","Disposal","2026-08-12","34000","0
                
                
                    (0%)","0.41","52.2","1,774,800","29 Jun 2026  29 Jun 2026","Insider Trading","Equity","Market Sale"
"Standard Surfactants","Beni Madhav Saurabh Garg HUF","Promoter Group","Disposal","2026-08-12","32000","0
                
                
                    (0%)","0.39","52.2","1,670,400","29 Jun 2026  29 Jun 2026","Insider Trading","Equity","Market Sale"
"Standard Surfactants","Beni Madhav Garg HUF","Promoter Group","Disposal","2026-08-12","35500","0
                
                
                    (0%)","0.43","47.6","1,690,155","02 Jun 2026  02 Jun 2026","Insider Trading","Equity","Market Sale"
"Standard Surfactants","Gautam Garg","Promoter Group","Acquisition","2026-08-12","157500","177500","1.91","49.5","7,789,115","02 Jun 2026  29 Jun 2026","Insider Trading","Equity","Market Sale"
"Standard Surfactants","Beni Madhav Saurabh Gautam Garg HUF","Promoter Group","Disposal","2026-08-12","16000","0
                
                
                    (0%)","0.19","47.3","756,800","02 Jun 2026  02 Jun 2026","Insider Trading","Equity","Market Sale"
"Standard Surfactants","Beni Madhav Gautam Garg HUF","Promoter Group","Disposal","2026-08-12","32000","0
                
                
                    (0%)","0.39","52.2","1,670,400","29 Jun 2026  29 Jun 2026","Insider Trading","Equity","Market Sale"
"Satin Creditcare","SATIN EMPLOYEES WELFARE TRUST","Other","Disposal","2026-08-12","10000","412946","0.01","222.4","2,223,800","10 Aug 2026  10 Aug 2026","Insider Trading","Equity","ESOP"
"Master Trust","HARJEET SINGH ARORA","Promoter and Director","Revoke","2026-08-12","7500000","15868480","6.10","80.6","604,575,000","10 Aug 2026  10 Aug 2026","Insider Trading","Equity","None"
"Divi's Laboratories","K. Sridevi","Immediate Relative","Disposal","2026-08-12","200","3300","0.00","8475","1,695,000","11 Aug 2026  11 Aug 2026","Insider Trading","Equity","Market Sale"
"Satin Creditcare","Anil Gupta","Designated Person","Acquisition","2026-08-12","10000","10000","0.01","222.4","2,223,800","10 Aug 2026  10 Aug 2026","Insider Trading","Equity","ESOP"
"Master Trust","RAJINDER KUMAR SINGHANIA","Promoter and Director","Revoke","2026-08-12","7500000","28728570","6.10","80.6","604,575,000","10 Aug 2026  10 Aug 2026","Insider Trading","Equity","None"
"Jain Resource Recycling","Mayank Pareek","Designated Person","-","2026-08-12","1100000","4759410","0.32","320","352,000,000","06 Aug 2026  06 Aug 2026","Insider Trading","Equity","Pledge Creation"
"Avonmore Capital","INNOVATIVE MONEY MATTERS PRIVATE LIMITED","Promoter","Acquisition","2026-08-12","260000","94064900","0.09","11.4","2,963,578","11 Aug 2026  11 Aug 2026","Insider Trading","Equity","Market Purchase"
"HIM Teknoforge","SBICAP TRUSTEE COMPANY LIMITED","Connected Person","-","2026-08-12","500000","500000","5.28","278.1","139,050,000","05 Jun 2026  06 Aug 2026","Insider Trading","Equity","Pledge Creation"
"HEG","Sandip Somany","Director","Acquisition","2026-08-11","30000","101250","0.02","678.5","20,355,900","11 Aug 2026  11 Aug 2026","Insider Trading","Equity","Market Purchase"
"Bharat Wire Ropes","GOVINDA MANGARU SONI","KMP","Acquisition","2026-08-11","1781","14398","0.00","112.5","200,363","07 Aug 2026  07 Aug 2026","Insider Trading","Equity","ESOP"
"Bharat Wire Ropes","HEMANT RAMESH AGRAWAL","Designated Person","Acquisition","2026-08-11","15000","15000","0.02","112.5","1,687,500","07 Aug 2026  07 Aug 2026","Insider Trading","Equity","ESOP"
"Bharat Wire Ropes","GOVIND DAS GUPTA","Designated Person","Acquisition","2026-08-11","3641","42460","0.01","112.5","409,613","07 Aug 2026  07 Aug 2026","Insider Trading","Equity","ESOP"
"Bharat Wire Ropes","VEDPRAKASH RAMGOPAL SHARMA","Designated Person","Acquisition","2026-08-11","4522","8357","0.01","112.5","508,725","07 Aug 2026  07 Aug 2026","Insider Trading","Equity","ESOP"
"Bharat Wire Ropes","RAKESH KUMAR JAIN","KMP","Acquisition","2026-08-11","5481","48481","0.01","112.5","616,613","07 Aug 2026  07 Aug 2026","Insider Trading","Equity","ESOP"
"TCI Express","TCI Express Consolidated Ltd","Promoter","Acquisition","2026-08-11","123900","17182133","0.32","","-","29 Jun 2026  30 Jun 2026","SAST (29(2))","-","Market / Inter-se Transfer"
"TCI Express","Nippon India Mutual Fund","Other","Acquisition","2026-08-11","500000","1984921","1.30","","-","16 Oct 2020  15 Jul 2026","SAST (29(1))","-","Market"
"TCI Express","TCI Trading","Promoter","Disposal","2026-08-11","123900","2363597","0.32","","-","29 Jun 2026  30 Jun 2026","SAST (29(2))","-","Market / Inter-se Transfer"
"TCI Express","HDFC Mutual Fund","Other","Disposal","2026-08-11","1030484","944547","2.68","","-","15 Jul 2026  15 Jul 2026","SAST (29(2))","-","Market"
"Sangam","Ram Kumar Sethiya","Designated Person","Acquisition","2026-08-11","400","400","0.00","612.6","245,020","27 Jul 2026  27 Jul 2026","Insider Trading","Equity","ESOP"
"Dr. Lal Pathlabs","Ved Prakash Goel","KMP","Disposal","2026-08-11","1000","51204","0.00","1942","1,942,000","06 Aug 2026  06 Aug 2026","Insider Trading","Equity","Market Sale"
"Sangam","Ram Kumar Sethiya","Designated Person","Disposal","2026-08-11","270","130","0.00","604.7","163,279","28 Jul 2026  28 Jul 2026","Insider Trading","Equity","Market Sale"
"Sangam","Ram Kumar Sethiya","Designated Person","Disposal","2026-08-11","700","555","0.00","612.5","428,747","06 Aug 2026  06 Aug 2026","Insider Trading","Equity","Market Sale"
"Healthcare Global","Sunu Manuel","KMP","Disposal","2026-08-11","27000","64849","0.02","708.0","19,117,157","10 Aug 2026  11 Aug 2026","Insider Trading","Equity","Invocation of pledge"
"Sangam","Ram Kumar Sethiya","Designated Person","Acquisition","2026-08-11","1125","1255","0.00","612.5","689,118","05 Aug 2026  05 Aug 2026","Insider Trading","Equity","ESOP"
"eClerx Services","Eclerx Employee Welfare","Trust","Acquisition","2026-08-11","10740","2064253","0.01","1764.0","18,945,135","10 Aug 2026  10 Aug 2026","Insider Trading","Equity","Market Purchase"
"Kaiser Corporation","Prit Hi –Power Private Limited","Promoter","Disposal","2026-08-11","944830","842600","1.80","6.1","5,761,147","10 Aug 2026  10 Aug 2026","Insider Trading","Equity","Market Sale"
"eClerx Services","Eclerx Employee Welfare","Trust","Acquisition","2026-08-11","10405","2074658","0.01","1820.9","18,946,228","11 Aug 2026  11 Aug 2026","Insider Trading","Equity","Market Purchase"
"Nureca","Smita Goyal","Promoter Group","Acquisition","2026-08-11","20355","27137","0.20","310.9","6,327,962","27 Jul 2026  27 Jul 2026","Insider Trading","Equity","Market Purchase"
"Nureca","Smita Goyal","Promoter Group","Acquisition","2026-08-11","800","6782","0.01","300.4","240,280","24 Jul 2026  24 Jul 2026","Insider Trading","Equity","Market Purchase"
"Prataap Snacks","Authum Investment & Infrastructure Limited","Promoter","Acquisition","2026-08-11","273968","11522007","1.14","1179.9","323,243,885","07 Aug 2026  07 Aug 2026","Insider Trading","Equity","Market Purchase"
"Nureca","Smita Goyal","Promoter Group","Acquisition","2026-08-11","2683","45320","0.03","323.9","868,970","31 Jul 2026  31 Jul 2026","Insider Trading","Equity","Market Purchase"
"Affle 3I","Affle (India) Limited Employees Welfare Trust","Trust","Disposal","2026-08-11","1848","255049","0.00","1677.5","3,100,022","11 Aug 2026  11 Aug 2026","Insider Trading","Equity","ESOP"
"Nureca","Smita Goyal","Promoter Group","Acquisition","2026-08-11","1000","42637","0.01","323.2","323,225","29 Jul 2026  29 Jul 2026","Insider Trading","Equity","Market Purchase"
"Nureca","Smita Goyal","Promoter Group","Acquisition","2026-08-11","5975","5982","0.06","301.1","1,799,371","24 Jul 2026  24 Jul 2026","Insider Trading","Equity","Market Purchase"
"Nureca","Smita Goyal","Promoter Group","Acquisition","2026-08-11","8000","41637","0.08","318.2","2,545,920","29 Jul 2026  29 Jul 2026","Insider Trading","Equity","Market Purchase"
"Nureca","Smita Goyal","Promoter Group","Acquisition","2026-08-11","6500","33637","0.06","310.5","2,017,990","28 Jul 2026  28 Jul 2026","Insider Trading","Equity","Market Purchase"
"HCL Technologies","Rahul Singh","Designated Person","Disposal","2026-08-11","5000","152267","0.00","1357.4","6,787,000","07 Aug 2026  07 Aug 2026","Insider Trading","Equity","Market Sale"
"Fischer Medical","Shankar Varadharajan","Promoter","Acquisition","2026-08-11","2300000","77301530","0.35","23.4","53,820,000","11 Aug 2026  11 Aug 2026","Insider Trading","Equity","Conversion of security"
"Indokem","Prism Plantations Pvt Ltd","Promoter Group","Disposal","2026-08-11","194","6385","0.00","670.6","130,087","11 Aug 2026  11 Aug 2026","Insider Trading","Equity","Market Sale"
"GNA Axles","MANINDER SINGH SEEHRA","Promoter Group","Disposal","2026-08-11","417943","2524716","0.97","532.2","222,448,000","04 Aug 2026  07 Aug 2026","Insider Trading","Equity","Market Sale"
"Indong Tea Company","Sangita Madhogaria","Promoter Group","Acquisition","2026-08-11","8000","8000","0.04","9.0","72,122","21 Jul 2026  22 Jul 2026","Insider Trading","Equity","Market Purchase"
"HMA Agro Industries","MOHAMMAD KAMIL QURESHI","Promoter Immediate Relative","Acquisition","2026-08-11","42575347","42575347","8.50","0","0","07 Aug 2026  07 Aug 2026","Insider Trading","Equity","Gift"
"Keerthi Industries","Seshagiri Rao Jasti","Promoter and Director","Revoke","2026-08-11","2405021","3081559","30.00","41.5","99,808,372","10 Aug 2026  10 Aug 2026","Insider Trading","Equity","None"
"SAR Auto Products","SHREYAS RAMESHBHAI VIRANI","Promoter and Director","Disposal","2026-08-11","2566","1304583","0.05","3841.0","9,856,054","10 Aug 2026  10 Aug 2026","Insider Trading","Equity","Market Sale"
"HMA Agro Industries","WAJID AHMED","Promoter","Disposal","2026-08-11","42575347","0
                
                
                    (0%)","8.50","0","0","07 Aug 2026  07 Aug 2026","Insider Trading","Equity","Gift"
"Ganon Products","Kamla Business Ventures Private Limited","Promoter","Disposal","2026-08-11","50000","737969","0.54","8.1","405,000","06 Aug 2026  06 Aug 2026","Insider Trading","Equity","Market Sale"
"ADF Foods","Vishal Suryakant Sonchhatra","Designated Person","Disposal","2026-08-11","9000","108000","0.01","262.9","2,366,470","06 Aug 2026  06 Aug 2026","Insider Trading","Equity","Market Sale"
"Sugs Lloyd","SANTOSH KUMAR SHAH","Promoter and Director","Acquisition","2026-08-11","8000","157000","0.03","176.1","1,408,722","10 Aug 2026  10 Aug 2026","Insider Trading","Equity","Market Purchase"
"Obcl","OBCL INFRASTRUCTURE PRIVATE LIMITED","Promoter Group","Acquisition","2026-08-11","7101","2074182","0.03","53.5","379,842","06 Aug 2026  10 Aug 2026","Insider Trading","Equity","Market Purchase"
"Sugs Lloyd","SANTOSH KUMAR SHAH","Promoter and Director","Acquisition","2026-08-11","6000","149000","0.03","169.7","1,018,351","07 Aug 2026  07 Aug 2026","Insider Trading","Equity","Market Purchase"
"Tai Industries","Utsav Promoters Pvt Ltd & PACs","Other","Acquisition","2026-08-11","1350","176737","0.02","","-","22 Jul 2026  22 Jul 2026","SAST (29(2))","-","Market"
"Tata Motors PV","Life Insurance Corporation of India","Other","Acquisition","2026-08-11","1164000","185190539","0.03","","-","23 Jul 2026  23 Jul 2026","SAST (29(2))","-","Market"
"T & I Global","Counter Cyclical Investment Pvt Ltd","Other","Acquisition","2026-08-11","9311","468735","0.18","","-","16 Jul 2026  16 Jul 2026","SAST (29(2))","-","Market"
"T T","Sanjay Kumar Jain","Promoter","Acquisition","2026-08-11","34251","6077346","0.01","","-","24 Jun 2026  29 Jun 2026","SAST (29(2))","-","Market"
"TBO Tek","Augusta TBO (Singapore) Pte Ltd","Other","Disposal","2026-08-11","2182842","3735385","2.04","","-","13 Jul 2026  13 Jul 2026","SAST (29(2))","-","Market"
"Happy Forgings","NARINDER SINGH","Designated Person","Disposal","2026-08-11","2000","9309","0.00","1906.2","3,812,400","07 Aug 2026  07 Aug 2026","Insider Trading","Equity","Market Sale"
"Swastika Investmart","Yogita Gandhi","Other","Acquisition","2026-08-11","1500000","1500000","7.46","","-","15 Jul 2026  15 Jul 2026","SAST (29(1))","-","Market"
"Syschem","Ranjan Jain","Promoter","Disposal","2026-08-11","34730","2475000","0.07","","-","29 Jun 2026  30 Jun 2026","SAST (29(2))","-","Market"
"Somany Ceramics","Franklin Templeton Mutual Fund","Other","Disposal","2026-08-11","130500","1140536","0.31","","-","30 Jun 2026  30 Jun 2026","SAST (29(2))","-","Market"
"Sona BLW Precision ","Mirae Asset Mutual Fund","Other","Disposal","2026-08-11","769952","9744806","0.12","","-","02 Jul 2026  02 Jul 2026","SAST (29(2))","-","Market"
"Swashthik Plascon","Sujathaa Mehta & PACs","Other","Disposal","2026-08-11","408000","1404599","2.10","","-","25 May 2026  23 Jul 2026","SAST (29(2))","-","Market"
"Sobhagya Mercantile","Nova Global Opportunities Fund PCC","Other","Acquisition","2026-08-11","650500","650500","6.29","","-","13 Jul 2026  13 Jul 2026","SAST (29(1))","-","Pref. Allotment"
"Syschem","Virendra Shah & Others","Promoter","Acquisition","2026-08-11","4352500","17875596","8.12","","-","07 Jul 2026  07 Jul 2026","SAST (29(2))","-","Preferential Issue"
"Skipper","Utsav Ispat LLP & PACs","Promoter","Disposal","2026-08-11","424627","-","0.38","","-","29 Jun 2026  29 Jun 2026","SAST (29(2))","-","Inter-se Transfer"
"Stellant Securities","Mangala Subhash Rathod","Promoter","Acquisition","2026-08-11","150000","2572710","2.71","","-","08 Jul 2026  08 Jul 2026","SAST (29(2))","-","Conv. of Warrants"
"Swarnsarita Jewels","Seema Chordia","Promoter","Disposal","2026-08-11","20000","-","0.10","","-","29 Jun 2026  29 Jun 2026","SAST (29(2))","-","Market"
"Sudeep Pharma","Nuvama Crossover Opportunities Fund Series III","Other","Disposal","2026-08-11","2668118","6783177","2.40","","-","15 Jun 2026  24 Jul 2026","SAST (29(2))","-","Market"
"Suryavanshi Spinning ","Rajender Kumar Agarwal","Promoter","Acquisition","2026-08-11","240480","2319733","4.90","","-","29 Jun 2026  29 Jun 2026","SAST (29(2))","-","Off Market"
"Sona BLW Precision ","Axis Mutual Fund (through Schemes of Axis Mutual Fund)","Other","Acquisition","2026-08-11","288446","31390025","0.05","","-","09 Jul 2026  09 Jul 2026","SAST (29(1))","-","Market"
"South Ind Bank","Kotak Mahindra Mutual Fund","Other","Acquisition","2026-08-11","14694332","135055500","0.56","","-","21 Jul 2026  21 Jul 2026","SAST (29(1))","-","Market"
"Swojas Energy Foods","Onelife Capital Advisors Ltd","Other","Acquisition","2026-08-11","1616162","3216162","3.65","","-","22 Jul 2026  22 Jul 2026","SAST (29(2))","-","Allotment"
"Suryavanshi Spinning ","Westend Developers Ltd","Other","Disposal","2026-08-11","240480","-","4.90","","-","29 Jun 2026  29 Jun 2026","SAST (29(2))","-","Off Market"
"Syngene Intl","Mirae Asset Mutual Fund","Other","Disposal","2026-08-11","861450","3260491","0.21","","-","21 Jul 2026  21 Jul 2026","SAST (29(2))","-","Market"
"Swastika Investmart","Share India Algoplus Pvt Ltd","Other","Disposal","2026-08-11","2625000","-","13.06","","-","15 Jul 2026  15 Jul 2026","SAST (29(2))","-","Market"
"Skipper","Ventex Trade Pvt Ltd & PACs","Promoter","Acquisition","2026-08-11","424627","6156896","0.38","","-","29 Jun 2026  29 Jun 2026","SAST (29(2))","-","Inter-se Transfer"
"Sudeep Pharma","Nuvama Crossover Opportunities Fund Series III & Others","Other","Acquisition","2026-08-11","9451295","9451295","8.40","","-","09 Jul 2024  27 Nov 2025","SAST (29(2))","-","Pref. Allotment"
"Sterlite Tech","Motilal Oswal Midcap Fund & Others","Other","Acquisition","2026-08-11","4716484","27919202","0.96","","-","01 Jul 2026  01 Jul 2026","SAST (29(1))","-","Market"
"JSW Steel","JSW Steel Employees Welfare Trust – OPJ ESOP Plan 2021 A/c","Other","Disposal","2026-08-11","117","4456225","0.00","1289.9","150,922","07 Aug 2026  07 Aug 2026","Insider Trading","Equity","Market Sale"
"JSW Steel","JSW Steel Employees Welfare Trust – JSWSL OPJ Samruddhi Plan 2021 A/c","Other","Disposal","2026-08-11","743","4455482","0.00","1289.8","958,295","07 Aug 2026  07 Aug 2026","Insider Trading","Equity","Market Sale"
"Disha Resources","Satyanarayan Jagannath Kabra","Promoter","Disposal","2026-08-11","194615","0
                
                
                    (0%)","2.66","24.7","4,813,142","07 Aug 2026  07 Aug 2026","Insider Trading","Equity","Market Sale"
"Disha Resources","Satyanarayan Jagannath Kabra","Promoter","Disposal","2026-08-11","36000","194615","0.49","26.0","937,110","06 Aug 2026  06 Aug 2026","Insider Trading","Equity","Market Sale"
"JSW Steel","JSW Steel Employees Welfare Trust – OPJ ESOP Plan 2021 A/c","Other","Disposal","2026-08-11","199","4456342","0.00","1317","262,083","06 Aug 2026  06 Aug 2026","Insider Trading","Equity","Market Sale"
"Moongipa Cap Fin","Suresh Chander Jain and Sons HUF","Promoter Group","Acquisition","2026-08-11","50000","492425","0.55","16","800,000","10 Aug 2026  10 Aug 2026","Insider Trading","Equity","Market Purchase"
"Wheels","TRICHUR SUNDARAM SANTHANAM & FAMILY PRIVATE LIMITED","Promoter","Disposal","2026-08-11","256547","7037967","1.05","1518.6","389,597,405","07 Aug 2026  07 Aug 2026","Insider Trading","Equity","Off Market"
"Wheels","TSF Investments Limited","Promoter","Acquisition","2026-08-11","256547","6109914","1.05","1518.6","389,597,405","07 Aug 2026  07 Aug 2026","Insider Trading","Equity","Off Market"
"Rajesh Power Services","Kurang Ramachandra Panchal","Promoter and Director","Acquisition","2026-08-11","4000","2713503","0.02","855","3,420,000","08 Aug 2026  08 Aug 2026","Insider Trading","Equity","Market Purchase"
"Rajesh Power Services","Bhavnaben Rajendrabhai Patel","Promoter Group","Acquisition","2026-08-11","4000","177565","0.02","858.0","3,431,935","08 Aug 2026  08 Aug 2026","Insider Trading","Equity","Market Purchase"
"Thangamayil Jewellery","THANGAMAYIL GOLD AND DIAMOND PRIVATE LIMITED","Promoter Group","Acquisition","2026-08-11","4250","1706363","0.01","5270.3","22,398,800","07 Aug 2026  07 Aug 2026","Insider Trading","Equity","Market Purchase"
"Thangamayil Jewellery","BALUSAMY SILVEARS JEWELLERY PRIVATE LIMITED","Promoter Group","Acquisition","2026-08-11","1330","548166","0.00","5249.9","6,982,391","07 Aug 2026  07 Aug 2026","Insider Trading","Equity","Market Purchase"
"Shankara Building ","Rajasthan Global Securities Pvt Ltd","Other","Disposal","2026-08-11","952819","1027326","3.93","","-","01 Jul 2026  01 Jul 2026","SAST (29(2))","-","Market"
"Shankara Building ","The Ballygunge Family Trust","Promoter","Acquisition","2026-08-11","1002497","2265806","4.13","","-","30 Jun 2026  30 Jun 2026","SAST (29(2))","-","Market"
"Shardul Securities","Shriyam Commodities Intermediary LLP","Promoter","Acquisition","2026-08-11","18320010","22980010","20.94","","-","16 Jul 2026  16 Jul 2026","SAST (29(2))","-","Inter-se Transfer"
"Siyaram Silk Mills","Ashok Jalan","Other","Acquisition","2026-08-11","6924","22644","0.02","","-","30 Jun 2026  30 Jun 2026","SAST (29(2))","-","Off Market / Inter se transfer"
"Shardul Securities","Shriyam Commodities Intermediary LLP","Other","Acquisition","2026-08-11","18320010","-","20.94","","-","13 Jul 2026  13 Jul 2026","SAST (10(6))","-","-"
"Shankara Building ","Rajasthan Global Securities Pvt Ltd","Other","Acquisition","2026-08-11","200000","2828000","0.82","","-","30 Jul 2026  30 Jul 2026","SAST (29(1))","-","Market"
"Shardul Securities","Shriyam Commodities Intermediary LLP","Promoter","Acquisition","2026-08-11","18320010","-","20.94","","-","13 Jul 2026  13 Jul 2026","SAST (10(5))","-","None"
"Shoppers Stop","HDFC Mutual Fund","Other","Acquisition","2026-08-11","2233415","10453040","2.03","","-","27 Jul 2026  27 Jul 2026","SAST (29(2))","-","Market"
"Sharp Investments","Synosy Automotive Pvt Ltd","Promoter","Disposal","2026-08-11","714055","9319215","0.30","","-","20 Jul 2026  20 Jul 2026","SAST (29(2))","-","Market"
"Shriram Properties","Murali Malayappan","Promoter","Acquisition","2026-08-11","403402","1720345","5.91","","-","07 Jul 2026  07 Jul 2026","SAST (29(2))","-","Inter-se Transfer"
"Sharp Investments","Caravan Vyapaar Pvt Ltd","Promoter","Disposal","2026-08-11","474609","1060770","0.20","","-","29 Jul 2026  29 Jul 2026","SAST (29(2))","-","Market"
"Shree Ganesh Elastoplast","Pauravi Mihir Shah & Others","Other","Acquisition","2026-08-11","18000","943786","0.32","","-","25 Jun 2026  25 Jun 2026","SAST (29(2))","-","Market"
"Sharp Investments","Caravan Vyapaar Pvt Ltd","Promoter","Disposal","2026-08-11","360000","1535379","0.15","","-","24 Jul 2026  24 Jul 2026","SAST (29(2))","-","Market"
"Shardul Securities","Pradeep Sandeep Corporate Advisors LLP & Others","Promoter","Disposal","2026-08-11","18320010","-","20.94","","-","16 Jul 2026  16 Jul 2026","SAST (29(2))","-","Off Market / Inter se transfer"
"Shankara Building ","Devarajulu Sethyamoorthi","Other","Disposal","2026-08-11","500000","1000000","2.06","","-","29 Jul 2026  29 Jul 2026","SAST (29(2))","-","Market"
"Sharp Investments","Caravan Vyapaar Pvt Ltd","Promoter","Disposal","2026-08-11","1400000","9818000","0.58","","-","23 Jul 2026  23 Jul 2026","SAST (29(2))","-","Market"
"Shankara Building ","Rajasthan Global Securities Pvt Ltd","Other","Acquisition","2026-08-11","99527","2206058","0.41","","-","22 Jul 2026  22 Jul 2026","SAST (29(1))","-","Market"
"Shriram Properties","Shriram Group Executives Welfare Trust","Promoter","Disposal","2026-08-11","403402","-","5.91","","-","07 Jul 2026  07 Jul 2026","SAST (29(2))","-","Inter-se Transfer"
"Shankara Building ","Rajasthan Global Securities Pvt Ltd","Other","Acquisition","2026-08-11","215721","1665275","0.89","","-","08 Jul 2026  08 Jul 2026","SAST (29(1))","-","Market"
"Avonmore Capital","INNOVATIVE MONEY MATTERS PRIVATE LIMITED","Promoter","Acquisition","2026-08-11","300000","93804900","0.11","11.3","3,386,121","10 Aug 2026  10 Aug 2026","Insider Trading","Equity","Market Purchase"
"Ganon Products","Kamla Business Ventures Private Limited","Promoter","Disposal","2026-08-10","50000","787969","0.54","8","400,000","05 Aug 2026  05 Aug 2026","Insider Trading","Equity","Market Sale"
"Kirloskar Ferrous ","Inturi Chandrasekhar","Employee","Acquisition","2026-08-10","9000","108774","0.01","157","1,413,000","05 Aug 2026  05 Aug 2026","Insider Trading","Equity","ESOS"
"Shadowfax Technologies","Eight Roads Investments Mauritius II Ltd","Other","Disposal","2026-08-10","47076972","8495460","8.05","","-","24 Jul 2026  24 Jul 2026","SAST (29(2))","-","Market"
"Sabrimala Industries","Vivek Raheja & PACs","Other","Disposal","2026-08-10","209000","855026","2.40","","-","25 Oct 2024  16 Feb 2026","SAST (29(2))","-","Off Market Transfer"
"RR Metalmakers","Somabhai Virdas Patel","Other","Disposal","2026-08-10","15000","14566","0.16","","-","21 Jul 2026  21 Jul 2026","SAST (29(2))","-","Market"
"Sancode Technologies","Khushboo Jain & PACs","Promoter","Acquisition","2026-08-10","1279639","3396965","-","","-","16 May 2026  16 Jul 2026","SAST (29(2))","-","Allotment"
"Shah Metacorp","Mona Viral Shah","Promoter","Acquisition","2026-08-10","31628600","138248448","2.03","","-","30 Jun 2026  30 Jun 2026","SAST (29(2))","-","Rights Issue"
"Sayaji Hotels Indore","Kayum Razak Dhanani","Promoter","Disposal","2026-08-10","43031","-","1.41","","-","30 Jun 2026  30 Jun 2026","SAST (29(2))","-","Market"
"Shadowfax Technologies","Flipkart Internet Pvt Ltd","Other","Disposal","2026-08-10","33738852","8904668","5.77","","-","24 Jul 2026  24 Jul 2026","SAST (29(2))","-","Market"
"RR Metalmakers","Mukesh Patel","Other","Disposal","2026-08-10","50100","-","0.55","","-","06 Jul 2026  06 Jul 2026","SAST (29(2))","-","Market"
"RR Metalmakers","Manilal Virabhai Patel","Other","Disposal","2026-08-10","6800","-","0.07","","-","22 Jul 2026  22 Jul 2026","SAST (29(2))","-","Market"
"Sancode Technologies","Khushboo Jain & PACs","Promoter","Acquisition","2026-08-10","785195","4182160","10.53","","-","24 Jul 2026  24 Jul 2026","SAST (29(2))","-","Allotment"
"RR Metalmakers","Shantaben Patel","Other","Disposal","2026-08-10","12455","-","0.13","","-","06 Jul 2026  06 Jul 2026","SAST (29(2))","-","Market"
"Shadowfax Technologies","ICICI Prudential Mutual Fund","Other","Acquisition","2026-08-10","20322019","50095324","3.41","","-","18 Feb 2026  24 Jul 2026","SAST (29(2))","-","Market"
"Sabrimala Industries","Vivek Raheja & PAC","Other","Disposal","2026-08-10","290778","564248","3.34","","-","07 Jul 2026  08 Jul 2026","SAST (29(2))","-","Market"
"Sancode Technologies","Trinity Gate LLC","Other","Acquisition","2026-08-10","1490387","1490387","19.99","","-","24 Jul 2026  24 Jul 2026","SAST (29(1))","-","Allotment"
"Shah Metacorp","Mona Viral Shah","Promoter","Acquisition","2026-08-10","10000000","148248448","0.87","","-","16 Jul 2026  16 Jul 2026","SAST (29(2))","-","Conv. of Warrants"
"Sancode Technologies","Trinity Gate LLC","Other","Acquisition","2026-08-10","1490387","1490387","19.99","","-","24 Jul 2026  24 Jul 2026","SAST (29(1))","-","Allotment"
"ICRA","K.Ravichandran","Designated Person","Acquisition","2026-08-10","400","852","0.00","5137","2,054,800","10 Aug 2026  10 Aug 2026","Insider Trading","Equity","ESOP"
"JSW Energy","JSW Energy Employees Welfare Trust","Trust","Disposal","2026-08-10","1351","1013713","0.00","566.9","765,846","04 Aug 2026  04 Aug 2026","Insider Trading","Equity","Market Sale"
"Swashthik Plascon","MAHENDRA KUMAR P","Promoter and Director","Acquisition","2026-08-10","64000","822178","0.33","22.1","1,414,400","10 Aug 2026  10 Aug 2026","Insider Trading","Equity","Market Purchase"
"Dr. Lal Pathlabs","Anupa Dixit","Designated Person","Disposal","2026-08-10","1370","2680","0.00","1908.9","2,615,175","03 Aug 2026  03 Aug 2026","Insider Trading","Equity","Market Sale"
"TruAlt Bioenergy","NIRANI HOLDINGS PRIVATE LIMITED","Promoter Group","Acquisition","2026-08-10","57801","1394936","0.07","478.2","27,638,126","10 Aug 2026  10 Aug 2026","Insider Trading","Equity","Market Purchase"
"Swashthik Plascon","MAHENDRA KUMAR P","Promoter and Director","Acquisition","2026-08-10","24000","846178","0.12","22.1","529,200","10 Aug 2026  10 Aug 2026","Insider Trading","Equity","Market Purchase"
"JSW Energy","JSW Energy Employees Welfare Trust","Trust","Disposal","2026-08-10","776","1012937","0.00","563.8","437,503","05 Aug 2026  05 Aug 2026","Insider Trading","Equity","Market Sale"
"Divi's Laboratories","Donepudi Venkata Sohini (Revised)","Immediate Relative","Acquisition","2026-08-10","351","761","0.00","6698.6","2,351,193","23 Jun 2026  29 Jun 2026","Insider Trading","Equity","Market Purchase"
"Dr. Lal Pathlabs","Jai Prakash Meena","Designated Person","Disposal","2026-08-10","6900","2000","0.00","1942.8","13,405,055","07 Aug 2026  10 Aug 2026","Insider Trading","Equity","Market Sale"
"JSW Energy","JSW Energy Employees Welfare Trust","Trust","Disposal","2026-08-10","4097","1008840","0.00","565.1","2,315,366","07 Aug 2026  07 Aug 2026","Insider Trading","Equity","Market Sale"
"Berger Paints","Ranjit Chakravorty","Designated Person","Disposal","2026-08-10","235","300","0.00","541.4","127,230","10 Aug 2026  10 Aug 2026","Insider Trading","Equity","Market Sale"
"Three M Paper Boards","RUSHABH HITENDRA SHAH","Promoter and Director","Acquisition","2026-08-10","2000","1471000","0.01","25.5","51,000","10 Aug 2026  10 Aug 2026","Insider Trading","Equity","Market Purchase"
"RPP Infra Projects","P Arul Sundaram","Promoter and Director","Disposal","2026-08-10","1015000","6664837","2.05","58.9","59,824,100","06 Aug 2026  06 Aug 2026","Insider Trading","Equity","Market Sale"
"RPP Infra Projects","P Arul Sundaram","Promoter and Director","Disposal","2026-08-10","697000","5967837","1.41","57.2","39,896,280","07 Aug 2026  07 Aug 2026","Insider Trading","Equity","Market Sale"
"Life Insurance Corp","President of India acting through and represented by Minstry of Finance","Promoter","Disposal","2026-08-10","822333558","11384912004","6.50","383.7","315,523,400,000","04 Aug 2026  05 Aug 2026","Insider Trading","Equity","Market Sale"
"Avenue Supermarts","Sridhar Bankuru","Designated Person","Disposal","2026-08-10","1000","7000","0.00","3939.9","3,939,850","06 Aug 2026  06 Aug 2026","Insider Trading","Equity","Market Sale"
"Avenue Supermarts","Swati Tushar Dahibawakar","Designated Person","Disposal","2026-08-10","700","11096","0.00","3924.3","2,746,980","10 Aug 2026  10 Aug 2026","Insider Trading","Equity","Market Sale"
"Bluestone Jewellery","Jayesh Saraf","Designated Person","Disposal","2026-08-10","1100","1353","0.00","832.1","915,255","10 Aug 2026  10 Aug 2026","Insider Trading","Equity","Market Sale"
"Avenue Supermarts","Sridhar Bankuru","Designated Person","Disposal","2026-08-10","800","6200","0.00","3957.5","3,166,000","10 Aug 2026  10 Aug 2026","Insider Trading","Equity","Market Sale"
"Indokem","Emerald Capital Services Pvt. Ltd.","Promoter Group","Disposal","2026-08-10","500","388420","0.00","665.0","332,475","10 Aug 2026  10 Aug 2026","Insider Trading","Equity","Market Sale"
"Indokem","Prism Plantations Pvt Ltd","Promoter Group","Disposal","2026-08-10","1000","6579","0.00","675.5","675,470","10 Aug 2026  10 Aug 2026","Insider Trading","Equity","Market Sale"
"Ceat","Employee Welfare Trust","Trust","Acquisition","2026-08-10","16000","124572","0.04","3741.1","59,857,211","05 Aug 2026  06 Aug 2026","Insider Trading","Equity","Market Purchase"
"Happy Forgings","MANGESH SHANTARAM PURANDARE","Designated Person","Disposal","2026-08-10","1261","300","0.00","1924.7","2,426,997","07 Aug 2026  07 Aug 2026","Insider Trading","Equity","Market Sale"
"Smiths & Founders","Sathish Shastry","Designated Person","Disposal","2026-08-10","86446","16731554","0.08","14.6","1,265,289","03 Aug 2026  07 Aug 2026","Insider Trading","Equity","Market Sale"
"Smiths & Founders","Sachin Shastry","Designated Person","Disposal","2026-08-10","69000","12227397","0.07","14.5","1,002,570","31 Jul 2026  07 Aug 2026","Insider Trading","Equity","Market Sale"
"Smiths & Founders","Supriya Shastry","Designated Person","Disposal","2026-08-10","85000","18244615","0.08","14.6","1,240,353","03 Aug 2026  07 Aug 2026","Insider Trading","Equity","Market Sale"
"Smiths & Founders","Umesh Shivarama Shastry","Designated Person","Disposal","2026-08-10","93023","7062722","0.09","14.7","1,363,344","31 Jul 2026  07 Aug 2026","Insider Trading","Equity","Market Sale"
"3B Films","HARSHABEN MUKESHBHAI BABARIYA","Promoter Group","Disposal","2026-08-10","141000","659000","0.50","15.9","2,237,820","06 Aug 2026  06 Aug 2026","Insider Trading","Equity","Market Sale"
"3B Films","Dishank Nitin Babariya","Promoter and Director","Disposal","2026-08-10","102000","782370","0.36","15.7","1,599,360","06 Aug 2026  06 Aug 2026","Insider Trading","Equity","Market Sale"
"Royal Orchid Hotels","Ricky Kirpalani & PACs","Other","Acquisition","2026-08-10","1378457","1378457","5.03","","-","04 Sep 2023  20 Jul 2026","SAST (29(2))","-","Market"
"RR Metalmakers","Sureshbhai Patel","Other","Disposal","2026-08-10","3100","-","0.03","","-","02 Jun 2026  02 Jun 2026","SAST (29(2))","-","Market"
"Rose Merc.","Harshee Anil Haria","Other","Acquisition","2026-08-10","288500","370498","3.98","","-","20 Jun 2026  20 Jul 2026","SAST (29(1))","-","ESOP"
"Rose Merc.","CapitalSquare Finance Pvt Ltd","Other","Acquisition","2026-08-10","166600","666601","2.67","","-","22 Jul 2026  22 Jul 2026","SAST (29(2))","-","Off Market"
"Rose Merc.","Capital Square Finance Pvt Ltd","Other","Acquisition","2026-08-10","166667","500001","2.67","","-","22 Jul 2026  22 Jul 2026","SAST (29(2))","-","Off Market"
"RR Metalmakers","Vishnubhai V Patel","Other","Disposal","2026-08-10","9500","-","0.11","","-","02 Jun 2026  02 Jun 2026","SAST (29(2))","-","Market"
"RR Metalmakers","Shantaben Sureshbhai Patel","Other","Disposal","2026-08-10","37545","12455","0.41","","-","02 Jul 2026  03 Jul 2026","SAST (29(2))","-","Market"
"Info Edge","Info Edge Employees Stock Option Plan Trust","Trust","Disposal","2026-08-10","9537","477710","0.00","2","19,074","06 Aug 2026  06 Aug 2026","Insider Trading","Equity","ESOP"
"Chembond Chemicals","MAMTA N SHAH","Promoter Group","Acquisition","2026-08-09","20500","207100","0.08","230","4,715,000","06 Aug 2026  06 Aug 2026","Insider Trading","Equity","Market Purchase"
"Chembond Chemicals","NIRMAL V SHAH","Promoter and Director","Acquisition","2026-08-09","10000","7006413","0.04","230","2,300,000","06 Aug 2026  06 Aug 2026","Insider Trading","Equity","Market Purchase"
"Kaiser Corporation","Prit Hi –Power Private Limited","Promoter","Disposal","2026-08-08","1188667","1787430","2.26","6.1","7,271,677","07 Aug 2026  07 Aug 2026","Insider Trading","Equity","Market Sale"
"Prataap Snacks","Sudhesh Singh Parihar","Designated Person","Disposal","2026-08-08","2000","83","0.01","1214.5","2,429,031","07 Aug 2026  07 Aug 2026","Insider Trading","Equity","Market Sale"
"Prataap Snacks","Authum Investment & Infrastructure Limited","Promoter","Acquisition","2026-08-08","7841","11248039","0.03","1165","9,134,765","06 Aug 2026  06 Aug 2026","Insider Trading","Equity","Market Purchase"
"Krishival Foods","APARNA ARUN MORALE","Promoter","Acquisition","2026-08-08","1240361","8931002","5.29","10","12,403,610","05 Aug 2026  05 Aug 2026","Insider Trading","Equity","Allotment"
"Sangam","Sangam (India) Limited Employees Welfare Trust","Trust","Disposal","2026-08-08","2625","922268","0.01","342.6","899,243","05 Aug 2026  06 Aug 2026","Insider Trading","Equity","ESOP"
"EFORU Entertainment","Amit Pankaj Vedawala","Promoter","Acquisition","2026-08-08","298900","3782907","5.00","91","27,199,900","05 Aug 2026  05 Aug 2026","Insider Trading","Equity","Allotment"
"HIM Teknoforge","Vinod Aggarwal","Promoter Group","-","2026-08-08","100000","639854","1.06","278.1","27,810,000","05 Aug 2026  06 Aug 2026","Insider Trading","Equity","Pledge Creation"
"HIM Teknoforge","Rajiv Aggarwal","Promoter and Director","-","2026-08-08","400000","990306","4.22","267.6","107,020,000","06 Aug 2026  06 Aug 2026","Insider Trading","Equity","Pledge Creation"
"Dr. Lal Pathlabs","Amit Aggarwal","Designated Person","Disposal","2026-08-07","500","750","0.00","1921","960,500","06 Aug 2026  06 Aug 2026","Insider Trading","Equity","Market Sale"
"Dr. Lal Pathlabs","Jai Prakash Meena","Designated Person","Acquisition","2026-08-07","6900","8900","0.00","991.6","6,842,367","06 Aug 2026  06 Aug 2026","Insider Trading","Equity","ESOP"
"Dr. Lal Pathlabs","Abhishek Aggarwal","Designated Person","Disposal","2026-08-07","1250","0
                
                
                    (0%)","0.00","1905.0","2,381,300","06 Aug 2026  06 Aug 2026","Insider Trading","Equity","Market Sale"
"Dr. Lal Pathlabs","Amit Aggarwal","Designated Person","Acquisition","2026-08-07","1250","1250","0.00","581.0","726,273","04 Aug 2026  06 Aug 2026","Insider Trading","Equity","ESOP"
"Dr. Lal Pathlabs","Dr. Lal PathLabs Employee Welfare Trust","Other","Disposal","2026-08-07","40050","765798","0.02","1335.6","53,488,843","06 Aug 2026  06 Aug 2026","Insider Trading","Equity","ESOP"
"Dr. Lal Pathlabs","Aditya Dhankhar","Designated Person","Disposal","2026-08-07","375","0
                
                
                    (0%)","0.00","1884","706,500","31 Jul 2026  31 Jul 2026","Insider Trading","Equity","Market Sale"
"Dr. Lal Pathlabs","Aditya Dhankhar","Designated Person","Acquisition","2026-08-07","600","600","0.00","1026.3","615,750","06 Aug 2026  06 Aug 2026","Insider Trading","Equity","ESOP"
"Dr. Lal Pathlabs","Amit Aggarwal","Designated Person","Disposal","2026-08-07","750","0
                
                
                    (0%)","0.00","1919","1,439,250","07 Aug 2026  07 Aug 2026","Insider Trading","Equity","Market Sale"
"Life Insurance Corp","President of India, acting through the Ministry of Finance, Government of India","Promoter","Disposal","2026-08-07","822333558","11384912004","6.50","","-","04 Aug 2026  05 Aug 2026","SAST (29(2))","-","Offer For Sale"
"Cupid Breweries","Subha Lalita Samavedam","Directors Immediate Relative","Disposal","2026-08-07","18000","50308","0.02","27.4","493,117","03 Aug 2026  03 Aug 2026","Insider Trading","Equity","Market Sale"
"TruAlt Bioenergy","NIRANI HOLDINGS PRIVATE LIMITED","Promoter Group","Acquisition","2026-08-07","91705","1337135","0.11","476.1","43,664,418","07 Aug 2026  07 Aug 2026","Insider Trading","Equity","Market Purchase"
"HCL Technologies","HCL Technologies Stock Options Trust","Designated Person","Disposal","2026-08-07","11584","7746669","0.00","1375.7","15,936,109","04 Aug 2026  04 Aug 2026","Insider Trading","Equity","ESOS"
"HCL Technologies","HCL Technologies Stock Options Trust","Designated Person","Disposal","2026-08-07","3604","7743065","0.00","1370","4,937,480","05 Aug 2026  05 Aug 2026","Insider Trading","Equity","ESOS"
"Dhampur Bio Organics","Sonitron Limited","Promoter Group","Acquisition","2026-08-07","15000","11520499","0.02","111.0","1,664,845","06 Aug 2026  06 Aug 2026","Insider Trading","Equity","Market Purchase"
"JSW Energy","ANUSHREE JINDAL","Promoter Group","Acquisition","2026-08-07","2290000","2290000","0.12","560","1,282,400,000","05 Aug 2026  05 Aug 2026","Insider Trading","Equity","Gift"
"Sterlite Tech","Navin Agarwal","Promoter Group","Disposal","2026-08-07","2500","154445","0.00","664.5","1,661,250","06 Aug 2026  06 Aug 2026","Insider Trading","Equity","Market Sale"
"SAR Auto Products","SHREYAS RAMESHBHAI VIRANI","Promoter and Director","Disposal","2026-08-07","2800","1307149","0.06","3564","9,979,200","06 Aug 2026  06 Aug 2026","Insider Trading","Equity","Market Sale"
"Dhampur Bio Organics","DBO Employee Welfare Trust","Trust","Acquisition","2026-08-07","10000","699383","0.02","112.3","1,123,166","05 Aug 2026  05 Aug 2026","Insider Trading","Equity","Market Purchase"
"GLEN Industries","Lalit Agrawal(HUF)","Promoter Group","Acquisition","2026-08-07","19200","251000","0.08","113.3","2,175,774","07 Aug 2026  07 Aug 2026","Insider Trading","Equity","Market Purchase"
"Dhampur Bio Organics","Sonitron Limited","Promoter Group","Acquisition","2026-08-07","25000","11505499","0.04","112.6","2,815,225","05 Aug 2026  05 Aug 2026","Insider Trading","Equity","Market Purchase"
"Ravindra Energy","Narendra Murkumbi","Promoter and Director","-","2026-08-07","500000","41534310","0.25","171.7","85,835,000","05 Aug 2026  05 Aug 2026","Insider Trading","Equity","Pledge Creation"
"Dhampur Bio Organics","DBO Employee Welfare Trust","Trust","Acquisition","2026-08-07","10000","709383","0.02","111.5","1,114,893","07 Aug 2026  07 Aug 2026","Insider Trading","Equity","Market Purchase"
"Telge Projects","Shobha Uttam Telge","Promoter Immediate Relative","Acquisition","2026-08-07","30000","30007","0.31","162.8","4,883,880","04 Aug 2026  06 Aug 2026","Insider Trading","Equity","Market Purchase"
"Ravindra Energy","Khandepar Investments Private Limited","Promoter","-","2026-08-07","2630500","60535860","1.32","171.7","451,577,935","05 Aug 2026  05 Aug 2026","Insider Trading","Equity","Pledge Creation"
"Tata Consumer ","AMITH SEBASTIAN","Designated Person","Disposal","2026-08-07","1347","0
                
                
                    (0%)","0.00","1082.7","1,458,343","31 Jul 2026  31 Jul 2026","Insider Trading","Equity","Market Sale"
"Thangamayil Jewellery","BALUSAMY SILVEARS JEWELLERY PRIVATE LIMITED","Promoter Group","Acquisition","2026-08-07","1080","546836","0.00","5070.6","5,476,270","06 Aug 2026  06 Aug 2026","Insider Trading","Equity","Market Purchase"
"Indokem","Prism Plantations Pvt Ltd","Promoter Group","Disposal","2026-08-07","2000","7579","0.01","626.8","1,253,500","07 Aug 2026  07 Aug 2026","Insider Trading","Equity","Market Sale"
"Sacheta Metals","PRANAV SATISHKUMAR SHAH","Promoter Group","Acquisition","2026-08-07","16065","11399870","0.01","3.8","61,207","07 Aug 2026  07 Aug 2026","Insider Trading","Equity","Market Purchase"
"Gyan Developers ","Mahendar Raj","Promoter","Disposal","2026-08-07","76000","298","2.53","55.1","4,186,080","05 Aug 2026  05 Aug 2026","Insider Trading","Equity","Off Market"
"Gyan Developers ","Tarachand Jain","Promoter","Disposal","2026-08-07","107200","0
                
                
                    (0%)","3.57","55.1","5,904,576","05 Aug 2026  05 Aug 2026","Insider Trading","Equity","Off Market"
"Gyan Developers ","Kamala Devi","Promoter","Disposal","2026-08-07","102200","0
                
                
                    (0%)","3.41","55.1","5,629,176","05 Aug 2026  05 Aug 2026","Insider Trading","Equity","Off Market"
"Rose Merc.","CapitalSquare Finance Pvt Ltd","Other","Acquisition","2026-08-07","333334","333334","5.36","","-","15 Jul 2026  15 Jul 2026","SAST (29(1))","-","Off Market Transfer"
"Robust Hotels","Arun Kumar Saraf","Other","Acquisition","2026-08-07","2026520","-","11.72","","-","01 Jan 1900  01 Jan 1900","SAST (10(6))","-","-"
"Robust Hotels","Arun Kumar Saraf & PACs","Promoter","Disposal","2026-08-07","2026520","11349179","11.72","","-","30 Jun 2026  30 Jun 2026","SAST (29(2))","-","Off Market / Inter se transfer"
"Bajaj Finance","Bajaj General Insurance Limited","Promoter Group","Disposal","2026-08-07","259000","662000","0.00","1149.9","297,824,834","06 Aug 2026  06 Aug 2026","Insider Trading","Equity","Market Sale"
"360 One Wam","Jay Gandhi","Designated Person","Disposal","2026-08-07","1339","0
                
                
                    (0%)","0.00","1185","1,586,715","05 Aug 2026  05 Aug 2026","Insider Trading","Equity","Market Sale"
"360 One Wam","Samrat Bose","Designated Person","Disposal","2026-08-07","2000","102500","0.00","1186.0","2,372,020","05 Aug 2026  05 Aug 2026","Insider Trading","Equity","Market Sale"
"360 One Wam","Sandeep Joshi","Designated Person","Disposal","2026-08-07","2000","16263","0.00","1185.5","2,371,000","05 Aug 2026  05 Aug 2026","Insider Trading","Equity","Market Sale"
"360 One Wam","Batlivala & Karani Resources Management Pvt. Ltd","Connected Person","Disposal","2026-08-07","474997","2900018","0.12","1185.1","562,923,695","05 Aug 2026  05 Aug 2026","Insider Trading","Equity","Market Sale"
"360 One Wam","Himanshu Jain","Designated Person","Disposal","2026-08-07","25000","35000","0.01","1183.0","29,575,250","05 Aug 2026  05 Aug 2026","Insider Trading","Equity","Market Sale"
"Dr. Lal Pathlabs","Jai Prakash Meena","Designated Person","Acquisition","2026-08-07","6900","8900","0.00","991.6","6,842,367","06 Aug 2026  06 Aug 2026","Insider Trading","Equity","ESOP"
"JSW Steel","JSW Steel Employees Welfare Trust – JSWSL OPJ Samruddhi Plan 2021 A/c","Other","Disposal","2026-08-07","937","4462639","0.00","1288.0","1,206,861","04 Aug 2026  04 Aug 2026","Insider Trading","Equity","Market Sale"
"360 One Wam","ANUP PRATAPSINGH MAHESHWARI","Designated Person","Disposal","2026-08-07","25000","132280","0.01","1190.4","29,759,750","05 Aug 2026  05 Aug 2026","Insider Trading","Equity","Market Sale"
"360 One Wam","Japhia Joshua Walker","Designated Person","Disposal","2026-08-07","1000","58304","0.00","1195","1,195,000","06 Aug 2026  06 Aug 2026","Insider Trading","Equity","Market Sale"
"360 One Wam","Sanjay Wadhwa","Designated Person","Disposal","2026-08-07","5000","7693","0.00","1186","5,930,000","05 Aug 2026  05 Aug 2026","Insider Trading","Equity","Market Sale"
"Dr. Lal Pathlabs","Aditya Dhankhar","Designated Person","Acquisition","2026-08-07","600","600","0.00","1026.3","615,750","06 Aug 2026  06 Aug 2026","Insider Trading","Equity","ESOP"
"Wipro","UMUNG VARMA","Designated Person","Disposal","2026-08-07","11498","0
                
                
                    (0%)","0.00","191.9","2,206,926","06 Aug 2026  06 Aug 2026","Insider Trading","Any other instrument","Market Sale"
"360 One Wam","ANUP PRATAPSINGH MAHESHWAR","Designated Person","Disposal","2026-08-07","10306","121974","0.00","1192.9","12,294,440","06 Aug 2026  06 Aug 2026","Insider Trading","Equity","Market Sale"
"360 One Wam","Batlivala & Karani Resources Management Pvt. Ltd","Connected Person","Disposal","2026-08-07","365000","3375015","0.09","1165.0","425,235,950","04 Aug 2026  04 Aug 2026","Insider Trading","Equity","Market Sale"
"Dr. Lal Pathlabs","Abhishek Aggarwal","Designated Person","Disposal","2026-08-07","1250","0
                
                
                    (0%)","0.00","1905.0","2,381,300","06 Aug 2026  06 Aug 2026","Insider Trading","Equity","Market Sale"
"JSW Steel","JSW Steel Employees Welfare Trust – OPJ ESOP Plan 2021 A/c","Other","Disposal","2026-08-07","1208","4457337","0.00","1322.0","1,597,019","05 Aug 2026  05 Aug 2026","Insider Trading","Equity","Market Sale"
"Dr. Lal Pathlabs","Aditya Dhankhar","Designated Person","Disposal","2026-08-07","375","0
                
                
                    (0%)","0.00","1884","706,500","31 Jul 2026  31 Jul 2026","Insider Trading","Equity","Market Sale"
"Dr. Lal Pathlabs","Amit Aggarwal","Designated Person","Disposal","2026-08-07","500","750","0.00","1921","960,500","06 Aug 2026  06 Aug 2026","Insider Trading","Equity","Market Sale"
"Dr. Lal Pathlabs","Amit Aggarwal","Designated Person","Acquisition","2026-08-07","1250","1250","0.00","581.0","726,273","04 Aug 2026  06 Aug 2026","Insider Trading","Equity","ESOP"
"JSW Steel","JSW Steel Employees Welfare Trust – OPJ ESOP Plan 2021 A/c","Other","Disposal","2026-08-07","1033","4463576","0.00","1288","1,330,504","04 Aug 2026  04 Aug 2026","Insider Trading","Equity","Market Sale"
"Sangam","Sangam (India) Limited Employees Welfare Trust","Trust","Disposal","2026-08-07","1350","924893","0.00","399.5","539,286","03 Aug 2026  03 Aug 2026","Insider Trading","Equity","ESOP"
"Dr. Lal Pathlabs","Dr. Lal PathLabs Employee Welfare Trust","Other","Disposal","2026-08-07","40050","765798","0.02","1335.6","53,488,843","06 Aug 2026  06 Aug 2026","Insider Trading","Equity","ESOP"
"Dr. Lal Pathlabs","Amit Aggarwal","Designated Person","Disposal","2026-08-07","750","0
                
                
                    (0%)","0.00","1919","1,439,250","07 Aug 2026  07 Aug 2026","Insider Trading","Equity","Market Sale"
"JSW Steel","JSW Steel Employees Welfare Trust – JSWSL OPJ Samruddhi Plan 2021 A/c","Other","Disposal","2026-08-07","796","4456541","0.00","1322.0","1,052,318","05 Aug 2026  05 Aug 2026","Insider Trading","Equity","Market Sale"
"360 One Wam","Samrat Bose","Designated Person","Disposal","2026-08-07","1000","101500","0.00","1182.0","1,182,040","06 Aug 2026  06 Aug 2026","Insider Trading","Equity","Market Sale"
"360 One Wam","Japhia Joshua Walker","Designated Person","Disposal","2026-08-07","1000","59304","0.00","1182.7","1,182,660","05 Aug 2026  05 Aug 2026","Insider Trading","Equity","Market Sale"
"360 One Wam","Nikunj Kedia","Designated Person","Disposal","2026-08-07","10000","0
                
                
                    (0%)","0.00","1188","11,880,000","05 Aug 2026  05 Aug 2026","Insider Trading","Equity","Market Sale"
"Grill Splendour Services","Resonance Opportunities Fund","","Sale","2026-08-07","565200","678000","-","","-","28 Jul 2026  28 Jul 2026","SAST (Reg29(2))","Equity shares","Open Market"
"Jeyyam Global Foods","Shripal Veeramchand Sanghvi","Promoter","Sale","2026-08-07","2374000","2822604","-","","-","28 Jul 2026  28 Jul 2026","SAST (Reg29(2))","Equity shares","Others"
"Wise Travel","Mr. Ashok Vashist","Promoter","Acquisition","2026-08-07","1185000","10527315","-","","-","30 Jul 2026  31 Jul 2026","SAST (Reg29(2))","Equity shares","Others"
"Wise Travel","Ms. Hema Bisht","Promoter","Sale","2026-08-07","185000","2462330","-","","-","30 Jul 2026  30 Jul 2026","SAST (Reg29(2))","Equity shares","Inter-se transfer"
"Wise Travel","Mr. Vivek Laroia","Promoter","Sale","2026-08-07","1000000","3482237","-","","-","31 Jul 2026  31 Jul 2026","SAST (Reg29(2))","Equity shares","Inter-se transfer"
"Arvind Port and Infra","Vinit Arvind Shah","Promoter","Acquisition","2026-08-07","6000","1444500","-","","-","16 Jul 2026  17 Jul 2026","SAST (Reg29(2))","Equity shares","Others"
"Arvind Port and Infra","Vinit Arvind Shah","Promoter","Acquisition","2026-08-07","6000","1453500","-","","-","29 Jul 2026  30 Jul 2026","SAST (Reg29(2))","Equity shares","Others"
"Agarwal Float Glass","Uma Shankar Agarwal","Promoter","Sale","2026-08-07","24000","4019473","-","","-","03 Aug 2026  03 Aug 2026","SAST (Reg29(2))","Equity shares","Open Market"
"NCL Industries","Roopa Kalidindi","Promoter","Pledge","2026-08-07","401300","0","-","","-","23 Jul 2026  23 Jul 2026","SAST (Reg31)","-","Release"
"Afcons Infrastructure","Goswami Infratech Private Limited","Promoter","Pledge","2026-08-07","92072053","0","-","","-","21 Jul 2026  21 Jul 2026","SAST (Reg31)","-","Release"
"Ajanta Pharma","Aayush Agrawal, trustee Aayush Agrawal Trust","Promoter","Pledge","2026-08-07","925926","12047783","-","","-","23 Jul 2026  23 Jul 2026","SAST (Reg31)","-","Release"
"Medplus Health","Agilemed Investment Pvt Ltd","Promoter","Pledge","2026-08-07","900000","12377525","-","","-","24 Jul 2026  24 Jul 2026","SAST (Reg31)","-","Creation"
"Themis Medicare","VIVIDHMARGI INVESTMENTS PRIVATE LIMITED","Promoter","Pledge","2026-08-07","3000000","3000000","-","","-","30 Jul 2026  30 Jul 2026","SAST (Reg31)","-","Creation"
"Archean Chemical ","Chemikas  Speciality LLP","Promoter","Pledge","2026-08-07","5200","13947010","-","","-","22 Jul 2026  22 Jul 2026","SAST (Reg31)","-","Release"
"Medplus Health","Lone Furrow Investment Private LTd","Promoter","Pledge","2026-08-07","2900000","5400000","-","","-","24 Jul 2026  24 Jul 2026","SAST (Reg31)","-","Creation"
"Garuda Construction","PKH Ventures Ltd","Promoter","Pledge","2026-08-07","6500000","6500000","-","","-","31 Jul 2026  31 Jul 2026","SAST (Reg31)","-","Creation"
"Dev Accelerator","MR. Rushit  Shah","Promoter","Others","2026-08-07","6198880","6198880","-","","-","31 Jul 2026  31 Jul 2026","SAST (Reg31)","-","Creation"
"Apollo Tyres","Mr. Raaja Kanwar","Promoter","Pledge","2026-08-07","24000","0","0%","","-","30 Jul 2026  30 Jul 2026","SAST (Reg31)","-","Invocation"
"Deepak Builders Engineers","Mr. Deepak Kumar Singal","Promoter","Pledge","2026-08-07","1200000","47700000","-","","-","31 Jul 2026  31 Jul 2026","SAST (Reg31)","-","Creation"
"NOCIL","Hrishikesh Arvind Mafatlal as a trustee of Gurukripa Trust","Promoter","Pledge","2026-08-07","900000","7100000","-","","-","30 Jul 2026  30 Jul 2026","SAST (Reg31)","-","Creation"
"Sanginita Chemicals","Guttikonda Vara Lakshmi","","Acquisition","2026-08-07","2567288","2567288","-","","-","31 Jul 2026  31 Jul 2026","SAST (Reg29(1))","Equity shares","Open Market"
"Sanginita Chemicals","Guttikonda Rajasekhar","","Acquisition","2026-08-07","1140470","1140470","-","","-","31 Jul 2026  31 Jul 2026","SAST (Reg29(1))","Equity shares","Open Market"
"Kaiser Corporation","Prit Hi –Power Private Limited","Promoter","Disposal","2026-08-07","687180","2976097","1.31","6.2","4,238,112","06 Aug 2026  06 Aug 2026","Insider Trading","Equity","Market Sale"
"Sugs Lloyd","SANTOSH KUMAR SHAH","Promoter and Director","Acquisition","2026-08-07","10000","135000","0.04","143.5","1,434,783","03 Aug 2026  03 Aug 2026","Insider Trading","Equity","Market Purchase"
"TruAlt Bioenergy","NIRANI HOLDINGS PRIVATE LIMITED","Promoter Group","Acquisition","2026-08-07","21600","1245430","0.03","463.0","10,000,363","05 Aug 2026  05 Aug 2026","Insider Trading","Equity","Market Purchase"
"GHCL","Ravi shanker Jalan","Director","Disposal","2026-08-07","50000","500300","0.05","438.0","21,898,782","05 Aug 2026  06 Aug 2026","Insider Trading","Equity","Market Purchase"
"Sugs Lloyd","SANTOSH KUMAR SHAH","Promoter and Director","Acquisition","2026-08-07","8000","143000","0.03","163.8","1,310,440","06 Aug 2026  06 Aug 2026","Insider Trading","Equity","Market Purchase"
"Restaurant Brands Asia","QSR Asia Pte Ltd & Others","Promoter","Disposal","2026-08-07","65623091","-","9.22","","-","07 Jul 2026  07 Jul 2026","SAST (29(2))","-","Off Market"
"Restaurant Brands Asia","Rajasthan Global Securities Pvt Ltd","Other","Disposal","2026-08-07","19860430","40119037","2.79","","-","06 Jul 2026  06 Jul 2026","SAST (29(2))","-","Open Offer"
"Refex Industries","Refex Holding Pvt Ltd","Promoter","Acquisition","2026-08-07","1000000","77623085","0.73","","-","25 Jun 2026  30 Jun 2026","SAST (29(2))","-","Market"
"Shekhawati Industries","SKI Buildcon Pvt Ltd (Revised)","Promoter","Acquisition","2026-08-07","1510000","22103425","4.38","","-","18 May 2026  19 May 2026","SAST (29(2))","-","Inter-se Transfer"
"Restaurant Brands Asia","Lenexis Foodworks Pvt Ltd & Others","Promoter","Acquisition","2026-08-07","65623091","297233543","9.22","","-","07 Jul 2026  07 Jul 2026","SAST (29(2))","-","Off Market Transfer"
"Robust Hotels","Arun Kumar Saraf & PACs","Promoter","Acquisition","2026-08-07","2026520","11349179","11.72","","-","30 Jun 2026  30 Jun 2026","SAST (29(2))","-","Off Market / Inter se transfer"
"Restaurant Brands Asia","SBI Mutual Fund","None","Disposal","2026-08-07","30500000","-","4.28","","-","03 Jul 2026  03 Jul 2026","SAST (29(2))","-","Open Offer"
"Shekhawati Industries","Altius Buildcon Pvt Ltd (Revised)","Promoter","Disposal","2026-08-07","1510000","22103425","4.38","","-","18 May 2026  19 May 2026","SAST (29(2))","-","Inter-se Transfer"
"Restaurant Brands Asia","Lenexis Foodworks Pvt Ltd & Others","Promoter","Acquisition","2026-08-07","103039024","231610452","14.48","","-","06 Jul 2026  06 Jul 2026","SAST (29(2))","-","Open Offer"
"Riyaasat Lifestyle","Fivex Capital VCC - Fivex Emerging Star Fund","Other","Acquisition","2026-08-07","626400","626400","5.83","","-","30 Jun 2026  30 Jun 2026","SAST (29(1))","-","Public Issue"
"GAMCO","RASHI GOENKA","Promoter Group","Acquisition","2026-08-07","25000","1570631","0.05","49.9","1,247,500","04 Aug 2026  04 Aug 2026","Insider Trading","Equity","Market Purchase"
"GAMCO","RAJ GOENKA","Promoter Group","Acquisition","2026-08-07","13772","1328738","0.03","49.6","683,381","04 Aug 2026  05 Aug 2026","Insider Trading","Equity","Market Purchase"
"GAMCO","RAJEEV GOENKA HUF","Promoter Group","Acquisition","2026-08-07","11000","89923","0.02","49.7","546,810","05 Aug 2026  05 Aug 2026","Insider Trading","Equity","Market Purchase"
"BMW Ventures","SHIVANSH KISHOREPURIA","Promoter Group","Acquisition","2026-08-07","65000","150000","0.07","60.2","3,915,213","06 Aug 2026  06 Aug 2026","Insider Trading","Equity","Market Purchase"
"Swashthik Plascon","Ayushh R","Promoter Group","Acquisition","2026-08-07","48000","48000","0.25","22.2","1,064,263","05 Aug 2026  05 Aug 2026","Insider Trading","Equity","Market Purchase"
"Swashthik Plascon","ANITA D","Promoter","Acquisition","2026-08-07","48000","1226000","0.25","22.2","1,064,263","05 Aug 2026  05 Aug 2026","Insider Trading","Equity","Market Purchase"
"Rallis","SBI Mutual Fund","None","Disposal","2026-08-07","210237","13854108","0.10","","-","17 Jul 2026  17 Jul 2026","SAST (29(2))","-","Market"
"Redington","HDFC Mutual Fund","Other","Disposal","2026-08-07","15761176","56744059","2.01","","-","01 Jul 2026  01 Jul 2026","SAST (29(2))","-","Market"
"Ramkrishna Forgings","SMALLCAP World Fund, Inc. (Revised)","None","Disposal","2026-08-07","4562568","8136365","2.55","","-","15 Jul 2026  15 Jul 2026","SAST (29(2))","-","Market"
"Disha Resources","Bankatlal Badrinarayan Kabra HUF","Promoter","Disposal","2026-08-07","100000","0
                
                
                    (0%)","1.37","26.1","2,613,117","04 Aug 2026  04 Aug 2026","Insider Trading","Equity","Market Sale"
"Disha Resources","Satyanarayan Jagannath Kabra","Promoter","Disposal","2026-08-07","454385","230615","6.21","26.1","11,860,112","04 Aug 2026  04 Aug 2026","Insider Trading","Equity","Market Sale"
"Disha Resources","Badrinarayan Bankatlal Kabra HUF","Promoter","Disposal","2026-08-07","100000","0
                
                
                    (0%)","1.37","0.0","1","04 Aug 2026  04 Aug 2026","Insider Trading","Equity","Market Sale"
"KCP","VRK GRANDSONS INVESTMENT LTD","Promoter Group","Acquisition","2026-08-07","12009","4427009","0.01","140.5","1,686,890","29 Jun 2026  30 Jun 2026","Insider Trading","Equity","Market Purchase"
"Bluestone Jewellery","Suket Murarka","Designated Person","Disposal","2026-08-06","1100","34300","0.00","855","940,500","06 Aug 2026  06 Aug 2026","Insider Trading","Equity","Market Sale"
"Bluestone Jewellery","Suket Murarka","Designated Person","Disposal","2026-08-06","1050","33250","0.00","860","903,000","06 Aug 2026  06 Aug 2026","Insider Trading","Equity","Market Sale"
"Bluestone Jewellery","Suket Murarka","Designated Person","Disposal","2026-08-06","1010","35400","0.00","850.5","859,032","04 Aug 2026  04 Aug 2026","Insider Trading","Equity","Market Sale"
"Kaiser Corporation","Pask Holdings Private Limited","Promoter","Disposal","2026-08-06","750000","966365","1.43","6.2","4,633,031","05 Aug 2026  05 Aug 2026","Insider Trading","Equity","Market Sale"
"Kaiser Corporation","H L ROCHAT ENGINEERING PVT LTD","Promoter","Disposal","2026-08-06","881546","756578","1.68","6.2","5,445,640","05 Aug 2026  05 Aug 2026","Insider Trading","Equity","Market Sale"
"360 One Wam","Anshuman Maheshwary","Designated Person","Disposal","2026-08-06","14607","165152","0.00","1155","16,871,085","03 Aug 2026  03 Aug 2026","Insider Trading","Equity","Market Sale"
"360 One Wam","Pankaj Fitkariwala","Designated Person","Disposal","2026-08-06","2500","55000","0.00","1169.6","2,924,000","04 Aug 2026  04 Aug 2026","Insider Trading","Equity","Market Sale"
"360 One Wam","Samrat Bose","Designated Person","Disposal","2026-08-06","1000","105500","0.00","1146.7","1,146,710","03 Aug 2026  03 Aug 2026","Insider Trading","Equity","Market Sale"
"360 One Wam","Guarav Doshi","Designated Person","Disposal","2026-08-06","1781","2000","0.00","1165.3","2,075,435","04 Aug 2026  04 Aug 2026","Insider Trading","Equity","Market Sale"
"360 One Wam","Priya Pradip Biswas","Designated Person","Disposal","2026-08-06","1000","39000","0.00","1171.1","1,171,050","04 Aug 2026  04 Aug 2026","Insider Trading","Equity","Market Sale"
"360 One Wam","Samrat Bose","Designated Person","Disposal","2026-08-06","1000","104500","0.00","1164.1","1,164,100","04 Aug 2026  04 Aug 2026","Insider Trading","Equity","Market Sale"
"360 One Wam","Japhia Joshua Walker","Designated Person","Disposal","2026-08-06","2000","60304","0.00","1163.9","2,327,720","04 Aug 2026  04 Aug 2026","Insider Trading","Equity","Market Sale"
"Embassy Office Parks REIT","Brijesh Lawrence Michael Dsouza","Designated Person","Acquisition","2026-08-06","12558","12558","0.00","0","0","05 Aug 2026  05 Aug 2026","Insider Trading","Any other instrument","ESOP"
"Bluestone Jewellery","Suket Murarka","Designated Person","Disposal","2026-08-06","1100","34300","0.00","855","940,500","06 Aug 2026  06 Aug 2026","Insider Trading","Equity","Market Sale"
"GLEN Industries","Lalit Agrawal(HUF)","Promoter Group","Acquisition","2026-08-06","44400","231800","0.18","111.9","4,966,584","05 Aug 2026  06 Aug 2026","Insider Trading","Equity","Market Purchase"
"Bluestone Jewellery","Suket Murarka","Designated Person","Disposal","2026-08-06","1010","35400","0.00","850.5","859,032","04 Aug 2026  04 Aug 2026","Insider Trading","Equity","Market Sale"
"Embassy Office Parks REIT","Manish Kumar Manu","Designated Person","Acquisition","2026-08-06","6764","20286","0.00","0","0","04 Aug 2026  04 Aug 2026","Insider Trading","Any other instrument","ESOP"
"Prataap Snacks","Authum Investment & Infrastructure Limited","Promoter","Acquisition","2026-08-06","217598","11240198","0.91","1170.0","254,587,484","05 Aug 2026  05 Aug 2026","Insider Trading","Equity","Market Purchase"
"Bluestone Jewellery","Suket Murarka","Designated Person","Disposal","2026-08-06","1050","33250","0.00","860","903,000","06 Aug 2026  06 Aug 2026","Insider Trading","Equity","Market Sale"
"Embassy Office Parks REIT","Embassy Office Parks REIT Employee Welfare Trust","Other","Disposal","2026-08-06","19322","916517","0.00","0","0","04 Aug 2026  05 Aug 2026","Insider Trading","Any other instrument","Off Market"
"Three M Paper Boards","RUSHABH HITENDRA SHAH","Promoter and Director","Acquisition","2026-08-06","4000","1469000","0.02","24.5","97,980","06 Aug 2026  06 Aug 2026","Insider Trading","Equity","Market Purchase"
"NIIT Learning ","Rohit Sethi","Designated Person","Disposal","2026-08-06","5000","7436","0.00","247.8","1,238,893","05 Aug 2026  05 Aug 2026","Insider Trading","Equity","Market Sale"
"NIIT Learning ","Rohit Sethi","Designated Person","Disposal","2026-08-06","5000","2436","0.00","249.5","1,247,255","05 Aug 2026  05 Aug 2026","Insider Trading","Equity","Market Sale"
"NIIT Learning ","Rohit Sethi","Designated Person","Disposal","2026-08-06","2000","12436","0.00","240.6","481,154","29 Jul 2026  29 Jul 2026","Insider Trading","Equity","Market Sale"
"Obcl","OBCL INFRASTRUCTURE PRIVATE LIMITED","Promoter Group","Acquisition","2026-08-06","66849","2067081","0.32","53.1","3,546,892","03 Aug 2026  05 Aug 2026","Insider Trading","Equity","Market Purchase"
"Indokem","Prism Plantations Pvt Ltd","Promoter Group","Disposal","2026-08-06","175","9579","0.00","595.6","104,228","06 Aug 2026  06 Aug 2026","Insider Trading","Equity","Market Sale"
"Sacheta Metals","PRANAV SATISHKUMAR SHAH","Promoter Group","Acquisition","2026-08-06","12306","11383805","0.01","3.8","47,255","06 Aug 2026  06 Aug 2026","Insider Trading","Equity","Market Purchase"
"Tata Consumer ","Akansha Dixit","Designated Person","Disposal","2026-08-06","1000","1191","0.00","1103.7","1,103,660","29 Jul 2026  29 Jul 2026","Insider Trading","Equity","Market Sale"
"Dr. Lal Pathlabs","(Hony) Brig Dr Arvind Lal","Promoter and Director","Disposal","2026-08-06","320000","50210886","0.19","1905.4","609,742,252","03 Aug 2026  04 Aug 2026","Insider Trading","Equity","Market Sale"
"Dr. Lal Pathlabs","Dr. Lal PathLabs Employee Welfare Trust","Other","Acquisition","2026-08-06","211050","805848","0.13","1213.5","256,104,786","06 Aug 2026  06 Aug 2026","Insider Trading","Equity","ESOP"
"Raj Television ","Kiran Kumar Jain M","Other","Disposal","2026-08-06","395189","6771580","0.76","","-","04 Jul 2026  04 Jul 2026","SAST (29(2))","-","Market"
"Infosys","Rakesh Babu Gollapalli","Designated Person","Disposal","2026-08-06","1083","0
                
                
                    (0%)","0.00","1171.9","1,269,115","04 Aug 2026  04 Aug 2026","Insider Trading","Any other instrument","Market Sale"
"Fusion Micro Finance","Vikash Sharma","Designated Person","Acquisition","2026-08-06","3300","3325","0.00","165.0","544,401","04 Aug 2026  04 Aug 2026","Insider Trading","Equity","ESOP"
"Fusion Micro Finance","Manpreet Singh","Designated Person","Acquisition","2026-08-06","1045","1045","0.00","165.0","172,394","04 Aug 2026  04 Aug 2026","Insider Trading","Equity","ESOP"
"Steel Exchange","Suresh Kumar Bandi","Promoter and Director","Acquisition","2026-08-06","4331500","45472020","0.34","11.5","49,855,565","05 Aug 2026  05 Aug 2026","Insider Trading","Equity","Inheritance"
"3B Films","Dishank Nitin Babariya","Promoter and Director","Disposal","2026-08-06","78000","884370","0.28","16.0","1,245,660","05 Aug 2026  05 Aug 2026","Insider Trading","Equity","Market Sale"
"Steel Exchange","Late Suguna Bandi","Promoter Group","Disposal","2026-08-06","4331500","0
                
                
                    (0%)","0.34","11.5","49,855,565","05 Aug 2026  05 Aug 2026","Insider Trading","Equity","Inheritance"
"Fusion Micro Finance","Dinesh Sharma","Designated Person","Acquisition","2026-08-06","2475","3075","0.00","165.0","408,301","04 Aug 2026  04 Aug 2026","Insider Trading","Equity","ESOP"
"Fusion Micro Finance","Ashish Mehta","Other","Acquisition","2026-08-06","3600","3800","0.00","165.0","593,892","04 Aug 2026  04 Aug 2026","Insider Trading","Equity","ESOP"
"BMW Ventures","SHIVANSH KISHOREPURIA","Promoter Group","Acquisition","2026-08-06","85000","85000","0.10","60.1","5,107,928","05 Aug 2026  05 Aug 2026","Insider Trading","Equity","Market Purchase"
"Fusion Micro Finance","Gurmeet Singh","Designated Person","Acquisition","2026-08-06","4950","7000","0.00","165.0","816,602","04 Aug 2026  04 Aug 2026","Insider Trading","Equity","ESOP"
"3B Films","Dishank Nitin Babariya","Promoter and Director","Disposal","2026-08-06","24000","962370","0.09","16.6","398,400","04 Aug 2026  04 Aug 2026","Insider Trading","Equity","Market Sale"
"Premier Polyfilm","D L Millar & Co Ltd","Promoter","Disposal","2026-08-06","82001","15957204","0.08","","-","23 Jul 2026  23 Jul 2026","SAST (29(2))","-","Market"
"Prabhatam Infra Venture","Mayank Gupta & Others","Promoter","Acquisition","2026-08-06","139060350","152160350","62.77","","-","23 Jul 2026  23 Jul 2026","SAST (29(2))","-","Preferential Issue"
"Raconteur Global ","SN Capital Management Pvt Ltd","Other","Acquisition","2026-08-06","714285","714285","5.38","","-","02 Jul 2026  02 Jul 2026","SAST (29(1))","-","Pref. Allotment"
"Quest Flow Controls","India Futuristic Marine Pvt Ltd & PACs","Promoter","Disposal","2026-08-06","461593","2874349","4.50","","-","30 Jun 2026  30 Jun 2026","SAST (29(2))","-","Off Market"
"Prabhatam Infra Venture","RRKK Media Pvt Ltd","Other","Acquisition","2026-08-06","18500000","18500000","8.35","","-","23 Jul 2026  23 Jul 2026","SAST (29(1))","-","Allotment"
"Quantum Digital ","Dushyant Bapna","Other","Disposal","2026-08-06","25000","225000","0.82","","-","17 Jul 2026  17 Jul 2026","SAST (29(2))","-","Market"
"Piramal Pharma","HDFC Mutual Fund","Other","Disposal","2026-08-06","26688471","93393655","2","","-","14 Jul 2026  14 Jul 2026","SAST (29(2))","-","Market"
"Prime Industries","Race Eco Chain Ltd & PACs","Other","Disposal","2026-08-06","210000","5031175","0.99","","-","30 Jun 2026  30 Jun 2026","SAST (29(2))","-","Market"
"Pondy Oxides & Chem","Manju Bansal","Promoter","Disposal","2026-08-06","900000","1323308","2.95","","-","29 Jun 2026  29 Jun 2026","SAST (29(2))","-","Market"
"Premier Polyfilm","D L Millar & Co. Ltd","Promoter","Disposal","2026-08-06","82001","15957204","0.08","","-","23 Jul 2026  23 Jul 2026","SAST (29(2))","-","Market"
"Raconteur Global ","Anaaya Management Consultancy Pvt Ltd","Other","Acquisition","2026-08-06","1785714","1786297","13.44","","-","02 Jul 2026  02 Jul 2026","SAST (29(1))","-","Pref. Allotment"
"Pearl Green Clubs","Jhala Rekhadevi Vijaysingh","Promoter","Disposal","2026-08-06","29400","77400","1.09","","-","06 Jul 2026  07 Jul 2026","SAST (29(2))","-","Market"
"Parnax Lab","Prakash Mahasukhlal Shah","Promoter","Acquisition","2026-08-06","361872","1563548","3.15","","-","20 Jul 2026  20 Jul 2026","SAST (29(2))","-","Off Market / Inter se transfer"
"ABC Gas Intl","Abhishek Kamdar & PACs","Other","Disposal","2026-08-06","1262148","5074838","3.42","","-","06 Jul 2026  06 Jul 2026","SAST (29(2))","-","Market"
"PB Fintech","HDFC Mutual Fund & Others","Other","Acquisition","2026-08-06","129068","23206588","0.03","","-","14 Jul 2026  14 Jul 2026","SAST (29(1))","-","Market"
"Nureca","Saurabh Goyal","Other","Acquisition","2026-08-06","3219113","-","33.74","","-","02 Jul 2026  02 Jul 2026","SAST (10(6))","-","-"
"Trimurthi","Vupparapalli Chandrasekhar Reddy & Others","Promoter","Acquisition","2026-08-06","775000","3630733","1.29","","-","09 Jul 2026  09 Jul 2026","SAST (29(2))","-","Conv. of Warrants"
"ABC Gas Intl","Abhishek Kamdar & PAC","Other","Disposal","2026-08-06","1262148","5074838","3.42","","-","06 Jul 2026  06 Jul 2026","SAST (29(2))","-","Market"
"PB Fintech","MacRitchie Investments Pte Ltd","Other","Disposal","2026-08-06","11369920","18572076","2.46","","-","03 Jul 2026  03 Jul 2026","SAST (29(2))","-","Market"
"Odyssey Corporation","Himanshu Mehta & Others","Promoter","Acquisition","2026-08-06","7850000","43172696","8.77","","-","03 Jul 2026  03 Jul 2026","SAST (29(2))","-","Preferential Issue"
"PC Jeweller","EBISU Global Opportunities Fund Ltd","Other","Acquisition","2026-08-06","50500000","50500000","5.20","","-","30 Mar 2026  13 Apr 2026","SAST (29(2))","-","Conv. of Warrants"
"Nikki Global Finance","Kamal Kishore Chaurasia","Promoter","Disposal","2026-08-06","160000","91498","4.67","","-","27 Jul 2026  27 Jul 2026","SAST (29(2))","-","Market"
"NEO Infracon","Darshik D Mehta","Promoter","Acquisition","2026-08-06","1694","389475","0.03","","-","30 Jun 2026  30 Jun 2026","SAST (29(2))","-","Market"
"PC Jeweller","Unico Global Opportunities Fund Ltd","Other","Disposal","2026-08-06","36483698","429589012","0.60","","-","01 Apr 2026  03 Jul 2026","SAST (29(2))","-","Conv. of Warrants"
"Osiajee Texfab","Lokesh Goyal","Other","Disposal","2026-08-06","132911","89980","2.45","","-","18 Aug 2025  08 Feb 2026","SAST (29(2))","-","Market"
"Nitco","Vivek Prannath Talwar","Promoter","Acquisition","2026-08-06","5505935","60529741","2.18","","-","24 Jul 2026  24 Jul 2026","SAST (29(2))","-","Conv. of Warrants"
"Nureca","Aryan Goyal","Promoter","Disposal","2026-08-06","1159185","-","12.15","","-","02 Jul 2026  02 Jul 2026","SAST (29(2))","-","Transfer"
"Paisalo Digital","SBI Life Insurance Company Ltd","Other","Disposal","2026-08-06","5000000","57114267","0.55","","-","01 Jul 2026  01 Jul 2026","SAST (29(2))","-","Market"
"PC Jeweller","Unico Global Opportunities Fund Ltd","Other","Acquisition","2026-08-06","466072710","466072710","5.57","","-","25 Jul 2025  30 Mar 2026","SAST (29(2))","-","Conv. of Warrants"
"Page Industries","ICICI Prudential Mutual Fund","Other","Disposal","2026-08-06","257409","533187","2.30","","-","04 Mar 2026  08 Jul 2026","SAST (29(2))","-","Market"
"Novartis","Novartis AG","Promoter","Disposal","2026-08-06","17450680","-","70.68","","-","29 Jul 2026  29 Jul 2026","SAST (29(2))","-","Off Market"
"Trimurthi","Srinidhi Fine-Chemicals LLP & Narahari Belide","Other","Acquisition","2026-08-06","2100000","11202000","2.93","","-","09 Jul 2026  09 Jul 2026","SAST (29(2))","-","Conv. of Warrants"
"Nitco","Vivek Talwar","Promoter","Acquisition","2026-08-06","6504065","55023806","2.70","","-","23 Jul 2026  23 Jul 2026","SAST (29(2))","-","Conv. of Warrants"
"Nikki Global Finance","Kamal Kishore Chaurasia","Promoter","Disposal","2026-08-06","91498","-","2.68","","-","29 Jul 2026  29 Jul 2026","SAST (29(2))","-","Market"
"Novartis","WaveRise Investments Ltd & Others","Promoter","Acquisition","2026-08-06","17450680","17450720","70.68","","-","29 Jul 2026  29 Jul 2026","SAST (29(1))","-","Off Market"
"Parnax Lab","Ila B Shah","Promoter","Disposal","2026-08-06","361872","1000000","3.15","","-","20 Jul 2026  20 Jul 2026","SAST (29(2))","-","Off Market / Inter se transfer"
"Nureca","Payal Goyal","Promoter","Disposal","2026-08-06","2059928","-","21.59","","-","02 Jul 2026  02 Jul 2026","SAST (29(2))","-","Transfer"
"ABC Gas Intl","Abhishek Ashvinbhai Kamdar & Abhishek Ashvinbhai Kamdar HUF","Other","Disposal","2026-08-06","1082791","3992047","2.93","","-","07 Jul 2026  24 Jul 2026","SAST (29(2))","-","Market"
"Oasis Securities","Rajesh Kumar Sodhani & Others","Promoter","Acquisition","2026-08-06","19937054","33120799","43.11","","-","13 Jul 2026  13 Jul 2026","SAST (29(2))","-","Rights Issue"
"Parnax Lab","Mihir Shah","Promoter","Acquisition","2026-08-06","377355","1518605","3.28","","-","21 Jul 2026  21 Jul 2026","SAST (29(2))","-","Off Market / Inter se transfer"
"Trimurthi","Gattu Gnana Prakash & Others","Promoter","Acquisition","2026-08-06","100000","600000","0.35","","-","09 Jul 2026  09 Jul 2026","SAST (29(2))","-","Conv. of Warrants"
"Nureca","Saurabh Goyal","Promoter","Acquisition","2026-08-06","3219113","6497169","33.74","","-","02 Jul 2026  02 Jul 2026","SAST (29(2))","-","Transfer"
"Nintec Systems","Niraj Gemawat & PACs","Promoter","Acquisition","2026-08-06","6500","3425366","0.04","","-","29 Jun 2026  30 Jun 2026","SAST (29(2))","-","Market"
"PB Fintech","HDFC Mutual Fund","Other","Acquisition","2026-08-06","129068","23206588","0.03","","-","14 Jul 2026  14 Jul 2026","SAST (29(1))","-","Market"
"Parnax Lab","Baiju Shah","Promoter","Disposal","2026-08-06","377355","951906","3.28","","-","21 Jul 2026  21 Jul 2026","SAST (29(2))","-","Off Market / Inter se transfer"
"Sampann Utpadan","Sachin Agarwal","Promoter","Acquisition","2026-08-06","800000","9275837","1.64","33.9","27,120,000","04 Aug 2026  04 Aug 2026","Insider Trading","Equity","Conversion of security"
"Omax Autos","Ravinder Kumar Mehta","Promoter","Disposal","2026-08-06","10000","220000","0.05","190.2","1,901,792","03 Aug 2026  03 Aug 2026","Insider Trading","Equity","Market Sale"
"Sacheta Metals","PRANAV SATISHKUMAR SHAH","Promoter Group","Acquisition","2026-08-06","13000","11371499","0.01","3.8","49,920","05 Aug 2026  05 Aug 2026","Insider Trading","Equity","Market Purchase"
"Omax Autos","Ravinder Kumar Mehta","Promoter","Disposal","2026-08-06","10000","230000","0.05","184.8","1,848,085","31 Jul 2026  31 Jul 2026","Insider Trading","Equity","Market Sale"
"Sharp Investments","CARAVAN VYAPAAR PVT LTD","Promoter Group","Disposal","2026-08-06","1060770","0
                
                
                    (0%)","0.44","0.3","367,825","05 Aug 2026  05 Aug 2026","Insider Trading","Equity","Market Sale"
"AAA Technologies","ASHOK KUMAR CHORDIA","Promoter","Acquisition","2026-08-06","641340","645927","5","74.1","47,497,640","04 Aug 2026  04 Aug 2026","Insider Trading","Equity","Off Market"
"AAA Technologies","JYOTIRGAMYA ADVISORS PRIVATE LIMITED","Promoter","Acquisition","2026-08-06","3768660","3815129","29.38","74.1","279,106,960","04 Aug 2026  04 Aug 2026","Insider Trading","Equity","Off Market"
"Thangamayil Jewellery","THANGAMAYIL GOLD AND DIAMOND PRIVATE LIMITED","Promoter Group","Acquisition","2026-08-06","3600","1702113","0.01","4810.6","17,318,295","04 Aug 2026  04 Aug 2026","Insider Trading","Equity","Market Purchase"
"CCL Products","CCL OWNERSHIP TRUST","Connected Person","Acquisition","2026-08-05","100","100","0.00","1143.0","114,296","04 Aug 2026  04 Aug 2026","Insider Trading","Equity","Market Purchase"
"HCL Technologies","Shashidhar Krishnamurthy","Designated Person","Disposal","2026-08-05","500","154803","0.00","1355","677,500","31 Jul 2026  31 Jul 2026","Insider Trading","Equity","Market Sale"
"HCL Technologies","Shashidhar Krishnamurthy","Designated Person","Disposal","2026-08-05","2000","152303","0.00","1354.5","2,709,046","03 Aug 2026  03 Aug 2026","Insider Trading","Equity","Market Sale"
"Mahip Industries","RAJEEV GOVINDRAM AGRAWAL HUF","Promoter Group","Disposal","2026-08-05","120000","1675960","0.62","17.4","2,091,312","04 Aug 2026  04 Aug 2026","Insider Trading","Equity","Market Sale"
"HCL Technologies","Shashidhar Krishnamurthy","Designated Person","Disposal","2026-08-05","500","154303","0.00","1350","675,000","03 Aug 2026  03 Aug 2026","Insider Trading","Equity","Market Sale"
"GAMCO","RASHI GOENKA","Promoter Group","Acquisition","2026-08-05","10092","1545631","0.02","49.9","503,273","31 Jul 2026  03 Aug 2026","Insider Trading","Equity","Market Purchase"
"Kaiser Corporation","Pask Holdings Private Limited","Promoter","Disposal","2026-08-05","1584820","1716365","3.01","6.3","9,911,503","03 Aug 2026  04 Aug 2026","Insider Trading","Equity","Market Sale"
"AAA Technologies","ANIRUDH VENUGOPAL DHOOT","Promoter","Disposal","2026-08-05","1102500","0
                
                
                    (0%)","8.60","74.1","81,651,150","04 Aug 2026  04 Aug 2026","Insider Trading","Equity","Off Market"
"Dr. Lal Pathlabs","Dr. Lal PathLabs Employee Welfare Trust","Other","Disposal","2026-08-05","11452","594798","0.01","391.5","4,484,000","04 Aug 2026  04 Aug 2026","Insider Trading","Equity","ESOP"
"Dr. Lal Pathlabs","MRINAL KAPOOR","Designated Person","Acquisition","2026-08-05","2000","2000","0.00","573.1","1,146,200","04 Aug 2026  04 Aug 2026","Insider Trading","Equity","ESOP"
"AAA Technologies","VINEET VENUGOPAL DHOOT","Promoter","Disposal","2026-08-05","1102500","0
                
                
                    (0%)","8.60","74.1","81,651,150","04 Aug 2026  04 Aug 2026","Insider Trading","Equity","Off Market"
"Dr. Lal Pathlabs","Abhishek Maini","Designated Person","Acquisition","2026-08-05","1000","1000","0.00","1087.5","1,087,470","04 Aug 2026  04 Aug 2026","Insider Trading","Equity","ESOP"
"Dr. Lal Pathlabs","Abhishek Aggarwal","Designated Person","Acquisition","2026-08-05","1250","1250","0.00","581.0","726,273","04 Aug 2026  04 Aug 2026","Insider Trading","Equity","ESOP"
"AAA Technologies","SHOBHA VENUGOPAL DHOOT","Promoter","Disposal","2026-08-05","1102500","0
                
                
                    (0%)","8.60","74.1","81,651,150","04 Aug 2026  04 Aug 2026","Insider Trading","Equity","Off Market"
"Dr. Lal Pathlabs","Pushkal Mishra","Designated Person","Acquisition","2026-08-05","1500","5500","0.00","325.0","487,515","04 Aug 2026  04 Aug 2026","Insider Trading","Equity","ESOP"
"Dr. Lal Pathlabs","Abhishek Aggarwal","Designated Person","Disposal","2026-08-05","1250","0
                
                
                    (0%)","0.00","1908.1","2,385,174","03 Aug 2026  04 Aug 2026","Insider Trading","Equity","Market Sale"
"AAA Technologies","VENUGOPAL MADANLAL DHOOT","Promoter","Disposal","2026-08-05","1102500","0
                
                
                    (0%)","8.60","74.1","81,651,150","04 Aug 2026  04 Aug 2026","Insider Trading","Equity","Off Market"
"NCL Industries","Vikram Chemicals Pvt Ltd","Promoter","Acquisition","2026-08-05","8911","13611","0.02","","-","29 Jun 2026  30 Jun 2026","SAST (29(2))","-","Market"
"NCL Industries","Blue Valley Developers (P) Ltd","Promoter","Acquisition","2026-08-05","7000","226485","0.01","","-","30 Jun 2026  30 Jun 2026","SAST (29(2))","-","Inter-se Transfer"
"NCL Industries","Kalidindi Ravi","Promoter","Acquisition","2026-08-05","6189","3170892","0.01","","-","29 Jun 2026  30 Jun 2026","SAST (29(2))","-","Market"
"NCL Industries","G T Sandeep","Promoter","Disposal","2026-08-05","17000","44722","0.04","","-","30 Jun 2026  30 Jun 2026","SAST (29(2))","-","Inter-se Transfer"
"NCL Industries","NCL Holdings (A&S) Ltd","Promoter","Acquisition","2026-08-05","10000","310000","0.02","","-","30 Jun 2026  30 Jun 2026","SAST (29(2))","-","Inter-se Transfer"
"Xpro","Central India General Agents Limited","Promoter Group","Disposal","2026-08-05","22500","858000","0.10","1163.0","26,167,525","05 Aug 2026  05 Aug 2026","Insider Trading","Equity","Inter-se-Transfer"
"Xpro","Birla Holdings Limited","Promoter Group","Disposal","2026-08-05","2001","247974","0.01","1189.0","2,379,190","05 Aug 2026  05 Aug 2026","Insider Trading","Equity","Inter-se-Transfer"
"Xpro","Janardhan Trading Company Limited","Promoter Group","Disposal","2026-08-05","9750","120000","0.04","1152.0","11,232,179","05 Aug 2026  05 Aug 2026","Insider Trading","Equity","Inter-se-Transfer"
"Xpro","Birla Eastern Limited","Promoter Group","Disposal","2026-08-05","10750","16850","0.05","1175.8","12,639,740","05 Aug 2026  05 Aug 2026","Insider Trading","Equity","Inter-se-Transfer"
"Xpro","iPro Capital Limited","Promoter Group","Acquisition","2026-08-05","45001","4455000","0.19","1167.0","52,517,031","05 Aug 2026  05 Aug 2026","Insider Trading","Equity","Inter-se-Transfer"
"Naturite Agro ","Y Siva Dharma Teja","Other","Disposal","2026-08-05","140710","15452","2.66","","-","17 Jul 2026  17 Jul 2026","SAST (29(2))","-","Market"
"Naturite Agro ","Y Siva Dharma Teja","Other","Disposal","2026-08-05","191642","273022","3.62","","-","10 Jul 2026  10 Jul 2026","SAST (29(2))","-","Market"
"Navin Fluorine ","SBI Mutual Fund","None","Acquisition","2026-08-05","47160","2567617","0.09","","-","03 Jul 2026  03 Jul 2026","SAST (29(1))","-","Market"
"Naturite Agro ","Y Siva Dharma Teja","Other","Disposal","2026-08-05","137331","650783","2.59","","-","24 Jun 2026  24 Jun 2026","SAST (29(2))","-","Market"
"NCL Industries","Kalidindi Ravi","Promoter","Acquisition","2026-08-05","20000","3117444","0.04","","-","05 Jun 2026  05 Jun 2026","SAST (29(2))","-","Inter-se Transfer"
"Naturite Agro ","Y Siva Dharma Teja","Other","Disposal","2026-08-05","186119","464664","3.52","","-","03 Jul 2026  03 Jul 2026","SAST (29(2))","-","Market"
"NCL Industries","Kakatiya Industries Pvt Ltd","Promoter","Acquisition","2026-08-05","13661","619233","0.03","","-","09 Jun 2026  09 Jun 2026","SAST (29(2))","-","Inter-se Transfer"
"Naturite Agro ","Y Siva Dharma Teja","Other","Disposal","2026-08-05","116860","156162","2.21","","-","14 Jul 2026  14 Jul 2026","SAST (29(2))","-","Market"
"VST Tillers Tractors","S Mahalakshmi","Promoter","Acquisition","2026-08-05","230424","265799","2.67","0","0","04 Aug 2026  04 Aug 2026","Insider Trading","Equity","Off Market"
"Indokem","Prism Plantations Pvt Ltd","Promoter Group","Disposal","2026-08-05","500","9754","0.00","593.2","296,575","05 Aug 2026  05 Aug 2026","Insider Trading","Equity","Market Sale"
"National Oxygen","Hitesh Ramji Javeri & PACs","Other","Acquisition","2026-08-05","32000","282894","0.63","","-","30 Jun 2026  30 Jun 2026","SAST (29(1))","-","Market"
"Tijaria Polypipes","Vardhman Jain Tijaria (Revised)","Promoter","Acquisition","2026-08-05","220889","1238438","0.77","","-","25 Feb 2026  23 Mar 2026","SAST (29(2))","-","Market"
"MKP Mobility","Anshay Jitesh Patodia","Promoter","Acquisition","2026-08-05","35137","-","1.03","","-","16 Jul 2026  16 Jul 2026","SAST (10(5))","-","None"
"Meta Infotech","Venu Gopal Peruri","Promoter","Acquisition","2026-08-05","14400","13205921","0.08","","-","29 Jun 2026  01 Jul 2026","SAST (29(2))","-","Market"
"National Oxygen","Rajesh Kumar Saraf (Revised)","Other","Disposal","2026-08-05","261981","1704537","5.20","","-","02 Jun 2026  29 Jun 2026","SAST (29(2))","-","Market"
"Mahip Industries","Mamta Rajeevkumar Agarwal","Promoter","Disposal","2026-08-05","116000","4212528","0.60","","-","22 Jul 2026  22 Jul 2026","SAST (29(2))","-","Market"
"Mastek","HDFC Mutual Fund","Other","Acquisition","2026-08-05","86746","1568910","0.28","","-","15 Jul 2026  15 Jul 2026","SAST (29(1))","-","Market"
"Mahip Industries","Rajeev Agrawal HUF","Promoter","Disposal","2026-08-05","32000","1959960","0.16","","-","27 Jul 2026  27 Jul 2026","SAST (29(2))","-","Market"
"Mahalaxmi Seamless","Vivek Jalan","None","Acquisition","2026-08-05","551412","-","10.44","","-","15 Jul 2026  15 Jul 2026","SAST (10(5))","-","None"
"Medplus Health","ICICI Prudential Mutual Fund","Other","Acquisition","2026-08-05","175537","6094338","0.14","","-","22 Jul 2026  22 Jul 2026","SAST (29(1))","-","Market"
"Medi Assist Healthcare","HDFC Mutual Fund","Other","Disposal","2026-08-05","1189737","4177641","1.59","","-","20 Jul 2026  20 Jul 2026","SAST (29(2))","-","Market"
"Mahip Industries","Mamta Agarwal","Promoter","Disposal","2026-08-05","56000","4156528","0.29","","-","27 Jul 2026  27 Jul 2026","SAST (29(2))","-","Market"
"Mahip Industries","Rajeev Agrawal HUF","Promoter","Disposal","2026-08-05","160000","1799960","0.82","","-","28 Jul 2026  28 Jul 2026","SAST (29(2))","-","Market"
"Mahalaxmi Seamless","Vivek Jalan","Promoter","Acquisition","2026-08-05","551412","-","10.44","","-","15 Jul 2026  15 Jul 2026","SAST (10(5))","-","None"
"Paradeep Phosphates","ZUARI MAROC PHOSPHATES PRIVATE LIMITED","Promoter","Acquisition","2026-06-23","80273","522906970","0.01","132.9","10,671,493","18 Jun 2026  18 Jun 2026","Insider Trading","Equity Shares","Market Purchase"
"Paradeep Phosphates","ZUARI MAROC PHOSPHATES PRIVATE LIMITED","Promoter","Acquisition","2026-06-23","65000","522971970","0.01","136.5","8,871,850","19 Jun 2026  19 Jun 2026","Insider Trading","Equity Shares","Market Purchase"
"Dr. Lal Pathlabs","Prashant Kishore","Designated Person","Disposal","2026-06-23","600","3928","0.00","1651","990,600","17 Jun 2026  17 Jun 2026","Insider Trading","Equity Shares","Market Sale"